"date","daytype","rides"
"01/01/2001","U","1,227"
"01/02/2001","W","3,937"
"01/03/2001","W","4,329"
"01/04/2001","W","4,607"
"01/05/2001","W","4,666"
"01/06/2001","A","2,710"
"01/07/2001","U","1,935"
"01/08/2001","W","4,785"
"01/09/2001","W","4,906"
"01/10/2001","W","4,985"
"01/11/2001","W","5,069"
"01/12/2001","W","5,180"
"01/13/2001","A","3,079"
"01/14/2001","U","2,170"
"01/15/2001","W","3,682"
"01/16/2001","W","5,042"
"01/17/2001","W","5,089"
"01/18/2001","W","5,097"
"01/19/2001","W","4,792"
"01/20/2001","A","2,863"
"01/21/2001","U","2,025"
"01/22/2001","W","4,811"
"01/23/2001","W","4,903"
"01/24/2001","W","5,053"
"01/25/2001","W","5,100"
"01/26/2001","W","5,065"
"01/27/2001","A","2,922"
"01/28/2001","U","2,144"
"01/29/2001","W","4,726"
"01/30/2001","W","4,957"
"01/31/2001","W","4,941"
"02/01/2001","W","5,017"
"02/02/2001","W","4,871"
"02/03/2001","A","2,925"
"02/04/2001","U","1,963"
"02/05/2001","W","4,794"
"02/06/2001","W","5,015"
"02/07/2001","W","4,912"
"02/08/2001","W","4,993"
"02/09/2001","W","5,021"
"02/10/2001","A","3,113"
"02/11/2001","U","1,973"
"02/12/2001","W","4,658"
"02/13/2001","W","5,072"
"02/14/2001","W","4,946"
"02/15/2001","W","5,238"
"02/16/2001","W","5,164"
"02/17/2001","A","3,036"
"02/18/2001","U","1,973"
"02/19/2001","W","3,963"
"02/20/2001","W","4,863"
"02/21/2001","W","4,871"
"02/22/2001","W","5,779"
"02/23/2001","W","5,462"
"02/24/2001","A","2,548"
"02/25/2001","U","1,951"
"02/26/2001","W","4,928"
"02/27/2001","W","5,036"
"02/28/2001","W","5,250"
"03/01/2001","W","5,150"
"03/02/2001","W","5,242"
"03/03/2001","A","3,482"
"03/04/2001","U","2,082"
"03/05/2001","W","4,491"
"03/06/2001","W","4,675"
"03/07/2001","W","5,125"
"03/08/2001","W","5,169"
"03/09/2001","W","5,333"
"03/10/2001","A","3,370"
"03/11/2001","U","2,319"
"03/12/2001","W","4,744"
"03/13/2001","W","5,186"
"03/14/2001","W","5,166"
"03/15/2001","W","5,152"
"03/16/2001","W","5,396"
"03/17/2001","A","5,637"
"03/18/2001","U","2,906"
"03/19/2001","W","5,112"
"03/20/2001","W","5,106"
"03/21/2001","W","5,279"
"03/22/2001","W","5,186"
"03/23/2001","W","5,318"
"03/24/2001","A","3,128"
"03/25/2001","U","2,037"
"03/26/2001","W","4,890"
"03/27/2001","W","5,056"
"03/28/2001","W","5,090"
"03/29/2001","W","5,239"
"03/30/2001","W","5,143"
"03/31/2001","A","3,311"
"04/01/2001","U","2,706"
"04/02/2001","W","10,989"
"04/03/2001","W","5,203"
"04/04/2001","W","7,605"
"04/05/2001","W","6,904"
"04/06/2001","W","5,441"
"04/07/2001","A","3,604"
"04/08/2001","U","2,509"
"04/09/2001","W","4,946"
"04/10/2001","W","5,269"
"04/11/2001","W","5,080"
"04/12/2001","W","5,379"
"04/13/2001","W","9,811"
"04/14/2001","A","8,384"
"04/15/2001","U","3,938"
"04/16/2001","W","6,051"
"04/17/2001","W","6,661"
"04/18/2001","W","8,668"
"04/19/2001","W","5,154"
"04/20/2001","W","5,513"
"04/21/2001","A","4,209"
"04/22/2001","U","2,385"
"04/23/2001","W","4,875"
"04/24/2001","W","5,244"
"04/25/2001","W","5,113"
"04/26/2001","W","5,264"
"04/27/2001","W","5,512"
"04/28/2001","A","3,278"
"04/29/2001","U","2,459"
"04/30/2001","W","4,998"
"05/01/2001","W","8,523"
"05/02/2001","W","8,636"
"05/03/2001","W","8,974"
"05/04/2001","W","10,094"
"05/05/2001","A","9,292"
"05/06/2001","U","7,628"
"05/07/2001","W","4,987"
"05/08/2001","W","5,290"
"05/09/2001","W","5,326"
"05/10/2001","W","5,400"
"05/11/2001","W","5,542"
"05/12/2001","A","3,521"
"05/13/2001","U","2,438"
"05/14/2001","W","5,016"
"05/15/2001","W","9,817"
"05/16/2001","W","9,672"
"05/17/2001","W","10,518"
"05/18/2001","W","11,931"
"05/19/2001","A","9,919"
"05/20/2001","U","8,355"
"05/21/2001","W","4,956"
"05/22/2001","W","11,729"
"05/23/2001","W","9,595"
"05/24/2001","W","8,900"
"05/25/2001","W","9,729"
"05/26/2001","A","8,986"
"05/27/2001","U","9,089"
"05/28/2001","U","2,063"
"05/29/2001","W","4,618"
"05/30/2001","W","5,241"
"05/31/2001","W","5,019"
"06/01/2001","W","5,632"
"06/02/2001","A","3,324"
"06/03/2001","U","2,716"
"06/04/2001","W","5,118"
"06/05/2001","W","10,047"
"06/06/2001","W","11,119"
"06/07/2001","W","12,727"
"06/08/2001","W","6,357"
"06/09/2001","A","4,744"
"06/10/2001","U","3,460"
"06/11/2001","W","5,005"
"06/12/2001","W","3,187"
"06/13/2001","W","128"
"06/14/2001","W","5,889"
"06/15/2001","W","10,267"
"06/16/2001","A","9,592"
"06/17/2001","U","9,618"
"06/18/2001","W","5,190"
"06/19/2001","W","5,381"
"06/20/2001","W","5,730"
"06/21/2001","W","5,564"
"06/22/2001","W","13,431"
"06/23/2001","A","11,203"
"06/24/2001","U","14,195"
"06/25/2001","W","11,929"
"06/26/2001","W","12,562"
"06/27/2001","W","12,828"
"06/28/2001","W","5,461"
"06/29/2001","W","6,064"
"06/30/2001","A","4,128"
"07/01/2001","U","3,359"
"07/02/2001","W","5,270"
"07/03/2001","W","7,357"
"07/04/2001","U","3,867"
"07/05/2001","W","5,385"
"07/06/2001","W","6,060"
"07/07/2001","A","4,732"
"07/08/2001","U","2,829"
"07/09/2001","W","5,329"
"07/10/2001","W","5,356"
"07/11/2001","W","5,512"
"07/12/2001","W","12,605"
"07/13/2001","W","13,764"
"07/14/2001","A","11,382"
"07/15/2001","U","9,804"
"07/16/2001","W","12,172"
"07/17/2001","W","13,021"
"07/18/2001","W","5,455"
"07/19/2001","W","5,450"
"07/20/2001","W","5,648"
"07/21/2001","A","4,385"
"07/22/2001","U","2,694"
"07/23/2001","W","5,039"
"07/24/2001","W","12,534"
"07/25/2001","W","12,414"
"07/26/2001","W","12,732"
"07/27/2001","W","14,561"
"07/28/2001","A","13,410"
"07/29/2001","U","9,278"
"07/30/2001","W","5,344"
"07/31/2001","W","4,821"
"08/01/2001","W","5,496"
"08/02/2001","W","5,100"
"08/03/2001","W","5,558"
"08/04/2001","A","5,455"
"08/05/2001","U","4,334"
"08/06/2001","W","5,368"
"08/07/2001","W","11,834"
"08/08/2001","W","12,725"
"08/09/2001","W","13,440"
"08/10/2001","W","14,533"
"08/11/2001","A","11,441"
"08/12/2001","U","9,290"
"08/13/2001","W","4,897"
"08/14/2001","W","5,125"
"08/15/2001","W","5,054"
"08/16/2001","W","5,084"
"08/17/2001","W","5,475"
"08/18/2001","A","3,857"
"08/19/2001","U","2,940"
"08/20/2001","W","12,795"
"08/21/2001","W","9,747"
"08/22/2001","W","9,487"
"08/23/2001","W","12,606"
"08/24/2001","W","13,990"
"08/25/2001","A","9,811"
"08/26/2001","U","9,288"
"08/27/2001","W","5,301"
"08/28/2001","W","11,215"
"08/29/2001","W","11,257"
"08/30/2001","W","10,788"
"08/31/2001","W","5,327"
"09/01/2001","A","4,039"
"09/02/2001","U","3,230"
"09/03/2001","U","2,308"
"09/04/2001","W","5,129"
"09/05/2001","W","5,510"
"09/06/2001","W","5,664"
"09/07/2001","W","12,581"
"09/08/2001","A","10,523"
"09/09/2001","U","8,472"
"09/10/2001","W","10,467"
"09/11/2001","W","4,935"
"09/12/2001","W","5,211"
"09/13/2001","W","5,454"
"09/14/2001","W","5,720"
"09/15/2001","A","3,578"
"09/16/2001","U","2,817"
"09/17/2001","W","5,397"
"09/18/2001","W","5,396"
"09/19/2001","W","5,426"
"09/20/2001","W","5,793"
"09/21/2001","W","5,805"
"09/22/2001","A","4,006"
"09/23/2001","U","2,671"
"09/24/2001","W","5,200"
"09/25/2001","W","5,421"
"09/26/2001","W","5,537"
"09/27/2001","W","10,500"
"09/28/2001","W","11,709"
"09/29/2001","A","9,571"
"09/30/2001","U","7,800"
"10/01/2001","W","5,351"
"10/02/2001","W","8,890"
"10/03/2001","W","7,749"
"10/04/2001","W","7,570"
"10/05/2001","W","8,507"
"10/06/2001","A","7,976"
"10/07/2001","U","7,681"
"10/08/2001","W","4,784"
"10/09/2001","W","5,388"
"10/10/2001","W","5,636"
"10/11/2001","W","5,674"
"10/12/2001","W","5,786"
"10/13/2001","A","3,348"
"10/14/2001","U","2,777"
"10/15/2001","W","5,283"
"10/16/2001","W","5,216"
"10/17/2001","W","5,384"
"10/18/2001","W","5,607"
"10/19/2001","W","6,106"
"10/20/2001","A","3,915"
"10/21/2001","U","2,888"
"10/22/2001","W","5,076"
"10/23/2001","W","5,322"
"10/24/2001","W","5,266"
"10/25/2001","W","5,332"
"10/26/2001","W","5,746"
"10/27/2001","A","3,524"
"10/28/2001","U","3,005"
"10/29/2001","W","5,199"
"10/30/2001","W","5,328"
"10/31/2001","W","5,648"
"11/01/2001","W","5,801"
"11/02/2001","W","6,074"
"11/03/2001","A","3,857"
"11/04/2001","U","3,284"
"11/05/2001","W","5,180"
"11/06/2001","W","5,272"
"11/07/2001","W","5,404"
"11/08/2001","W","5,459"
"11/09/2001","W","5,629"
"11/10/2001","A","4,872"
"11/11/2001","U","3,023"
"11/12/2001","W","4,754"
"11/13/2001","W","5,643"
"11/14/2001","W","5,264"
"11/15/2001","W","5,281"
"11/16/2001","W","5,910"
"11/17/2001","A","4,331"
"11/18/2001","U","2,645"
"11/19/2001","W","5,014"
"11/20/2001","W","5,221"
"11/21/2001","W","4,730"
"11/22/2001","U","1,340"
"11/23/2001","W","2,810"
"11/24/2001","A","2,515"
"11/25/2001","U","1,943"
"11/26/2001","W","4,842"
"11/27/2001","W","5,071"
"11/28/2001","W","5,164"
"11/29/2001","W","5,142"
"11/30/2001","W","5,384"
"12/01/2001","A","3,844"
"12/02/2001","U","2,706"
"12/03/2001","W","4,978"
"12/04/2001","W","5,138"
"12/05/2001","W","5,318"
"12/06/2001","W","5,254"
"12/07/2001","W","5,575"
"12/08/2001","A","3,929"
"12/09/2001","U","2,585"
"12/10/2001","W","4,946"
"12/11/2001","W","5,046"
"12/12/2001","W","5,186"
"12/13/2001","W","5,198"
"12/14/2001","W","5,451"
"12/15/2001","A","3,685"
"12/16/2001","U","2,641"
"12/17/2001","W","4,903"
"12/18/2001","W","5,060"
"12/19/2001","W","5,102"
"12/20/2001","W","4,959"
"12/21/2001","W","4,771"
"12/22/2001","A","2,335"
"12/23/2001","U","1,578"
"12/24/2001","W","1,455"
"12/25/2001","U","455"
"12/26/2001","W","2,215"
"12/27/2001","W","3,066"
"12/28/2001","W","3,546"
"12/29/2001","A","2,272"
"12/30/2001","U","1,836"
"12/31/2001","W","2,929"
"01/01/2002","U","1,135"
"01/02/2002","W","4,047"
"01/03/2002","W","4,400"
"01/04/2002","W","4,564"
"01/05/2002","A","2,772"
"01/06/2002","U","2,129"
"01/07/2002","W","4,833"
"01/08/2002","W","5,065"
"01/09/2002","W","5,245"
"01/10/2002","W","5,178"
"01/11/2002","W","5,470"
"01/12/2002","A","3,265"
"01/13/2002","U","2,336"
"01/14/2002","W","4,989"
"01/15/2002","W","5,028"
"01/16/2002","W","5,223"
"01/17/2002","W","5,233"
"01/18/2002","W","5,236"
"01/19/2002","A","3,880"
"01/20/2002","U","2,489"
"01/21/2002","W","3,716"
"01/22/2002","W","5,207"
"01/23/2002","W","5,340"
"01/24/2002","W","5,267"
"01/25/2002","W","5,747"
"01/26/2002","A","3,601"
"01/27/2002","U","2,422"
"01/28/2002","W","4,961"
"01/29/2002","W","5,209"
"01/30/2002","W","5,298"
"01/31/2002","W","5,593"
"02/01/2002","W","5,167"
"02/02/2002","A","3,225"
"02/03/2002","U","2,518"
"02/04/2002","W","4,747"
"02/05/2002","W","5,073"
"02/06/2002","W","5,263"
"02/07/2002","W","5,235"
"02/08/2002","W","5,423"
"02/09/2002","A","3,623"
"02/10/2002","U","2,222"
"02/11/2002","W","5,021"
"02/12/2002","W","4,964"
"02/13/2002","W","5,532"
"02/14/2002","W","5,364"
"02/15/2002","W","5,444"
"02/16/2002","A","3,931"
"02/17/2002","U","2,992"
"02/18/2002","W","4,078"
"02/19/2002","W","5,138"
"02/20/2002","W","5,255"
"02/21/2002","W","6,059"
"02/22/2002","W","5,894"
"02/23/2002","A","3,773"
"02/24/2002","U","2,850"
"02/25/2002","W","4,990"
"02/26/2002","W","5,157"
"02/27/2002","W","5,243"
"02/28/2002","W","5,309"
"03/01/2002","W","5,677"
"03/02/2002","A","3,545"
"03/03/2002","U","2,268"
"03/04/2002","W","4,387"
"03/05/2002","W","5,148"
"03/06/2002","W","5,350"
"03/07/2002","W","5,551"
"03/08/2002","W","5,597"
"03/09/2002","A","3,399"
"03/10/2002","U","2,261"
"03/11/2002","W","5,232"
"03/12/2002","W","5,442"
"03/13/2002","W","5,629"
"03/14/2002","W","5,547"
"03/15/2002","W","5,725"
"03/16/2002","A","5,823"
"03/17/2002","U","3,367"
"03/18/2002","W","5,390"
"03/19/2002","W","5,283"
"03/20/2002","W","5,272"
"03/21/2002","W","5,329"
"03/22/2002","W","5,418"
"03/23/2002","A","3,942"
"03/24/2002","U","2,723"
"03/25/2002","W","4,731"
"03/26/2002","W","5,065"
"03/27/2002","W","5,341"
"03/28/2002","W","5,279"
"03/29/2002","W","4,281"
"03/30/2002","A","3,243"
"03/31/2002","U","1,658"
"04/01/2002","W","4,934"
"04/02/2002","W","5,230"
"04/03/2002","W","5,353"
"04/04/2002","W","5,438"
"04/05/2002","W","12,320"
"04/06/2002","A","10,241"
"04/07/2002","U","4,758"
"04/08/2002","W","5,084"
"04/09/2002","W","7,129"
"04/10/2002","W","8,527"
"04/11/2002","W","10,057"
"04/12/2002","W","5,515"
"04/13/2002","A","4,471"
"04/14/2002","U","3,131"
"04/15/2002","W","5,095"
"04/16/2002","W","5,302"
"04/17/2002","W","5,478"
"04/18/2002","W","5,414"
"04/19/2002","W","11,431"
"04/20/2002","A","10,238"
"04/21/2002","U","5,820"
"04/22/2002","W","5,139"
"04/23/2002","W","9,453"
"04/24/2002","W","8,567"
"04/25/2002","W","10,196"
"04/26/2002","W","10,353"
"04/27/2002","A","7,539"
"04/28/2002","U","7,944"
"04/29/2002","W","5,266"
"04/30/2002","W","5,197"
"05/01/2002","W","5,516"
"05/02/2002","W","5,296"
"05/03/2002","W","5,689"
"05/04/2002","A","3,738"
"05/05/2002","U","2,688"
"05/06/2002","W","8,299"
"05/07/2002","W","9,327"
"05/08/2002","W","8,377"
"05/09/2002","W","8,336"
"05/10/2002","W","10,305"
"05/11/2002","A","5,091"
"05/12/2002","U","5,826"
"05/13/2002","W","4,992"
"05/14/2002","W","5,272"
"05/15/2002","W","5,406"
"05/16/2002","W","5,277"
"05/17/2002","W","5,579"
"05/18/2002","A","3,778"
"05/19/2002","U","2,748"
"05/20/2002","W","5,115"
"05/21/2002","W","11,113"
"05/22/2002","W","11,818"
"05/23/2002","W","11,173"
"05/24/2002","W","5,598"
"05/25/2002","A","3,442"
"05/26/2002","U","3,304"
"05/27/2002","U","2,363"
"05/28/2002","W","5,256"
"05/29/2002","W","5,452"
"05/30/2002","W","5,634"
"05/31/2002","W","10,704"
"06/01/2002","A","11,251"
"06/02/2002","U","9,382"
"06/03/2002","W","5,324"
"06/04/2002","W","5,113"
"06/05/2002","W","5,478"
"06/06/2002","W","5,566"
"06/07/2002","W","5,897"
"06/08/2002","A","4,565"
"06/09/2002","U","3,253"
"06/10/2002","W","5,193"
"06/11/2002","W","5,407"
"06/12/2002","W","5,573"
"06/13/2002","W","5,602"
"06/14/2002","W","9,815"
"06/15/2002","A","10,706"
"06/16/2002","U","6,901"
"06/17/2002","W","5,335"
"06/18/2002","W","12,031"
"06/19/2002","W","12,869"
"06/20/2002","W","13,506"
"06/21/2002","W","11,749"
"06/22/2002","A","12,566"
"06/23/2002","U","8,518"
"06/24/2002","W","12,258"
"06/25/2002","W","11,508"
"06/26/2002","W","11,528"
"06/27/2002","W","13,091"
"06/28/2002","W","6,022"
"06/29/2002","A","4,871"
"06/30/2002","U","8,011"
"07/01/2002","W","5,299"
"07/02/2002","W","5,470"
"07/03/2002","W","6,708"
"07/04/2002","U","3,587"
"07/05/2002","W","4,722"
"07/06/2002","A","4,126"
"07/07/2002","U","2,955"
"07/08/2002","W","4,838"
"07/09/2002","W","5,178"
"07/10/2002","W","5,368"
"07/11/2002","W","5,483"
"07/12/2002","W","11,187"
"07/13/2002","A","9,427"
"07/14/2002","U","9,976"
"07/15/2002","W","11,592"
"07/16/2002","W","12,735"
"07/17/2002","W","5,347"
"07/18/2002","W","5,276"
"07/19/2002","W","10,950"
"07/20/2002","A","12,144"
"07/21/2002","U","8,864"
"07/22/2002","W","11,635"
"07/23/2002","W","12,067"
"07/24/2002","W","11,714"
"07/25/2002","W","10,194"
"07/26/2002","W","5,825"
"07/27/2002","A","4,371"
"07/28/2002","U","3,022"
"07/29/2002","W","4,982"
"07/30/2002","W","11,444"
"07/31/2002","W","9,756"
"08/01/2002","W","9,297"
"08/02/2002","W","10,523"
"08/03/2002","A","8,728"
"08/04/2002","U","8,394"
"08/05/2002","W","4,966"
"08/06/2002","W","5,236"
"08/07/2002","W","5,122"
"08/08/2002","W","5,229"
"08/09/2002","W","5,720"
"08/10/2002","A","5,648"
"08/11/2002","U","4,584"
"08/12/2002","W","10,331"
"08/13/2002","W","11,266"
"08/14/2002","W","11,253"
"08/15/2002","W","12,737"
"08/16/2002","W","13,644"
"08/17/2002","A","11,741"
"08/18/2002","U","10,082"
"08/19/2002","W","5,019"
"08/20/2002","W","5,307"
"08/21/2002","W","5,097"
"08/22/2002","W","4,623"
"08/23/2002","W","5,388"
"08/24/2002","A","4,378"
"08/25/2002","U","3,289"
"08/26/2002","W","5,001"
"08/27/2002","W","5,469"
"08/28/2002","W","5,272"
"08/29/2002","W","4,755"
"08/30/2002","W","10,287"
"08/31/2002","A","14,881"
"09/01/2002","U","9,651"
"09/02/2002","U","7,079"
"09/03/2002","W","8,271"
"09/04/2002","W","8,011"
"09/05/2002","W","5,654"
"09/06/2002","W","5,753"
"09/07/2002","A","4,133"
"09/08/2002","U","2,885"
"09/09/2002","W","7,728"
"09/10/2002","W","8,914"
"09/11/2002","W","8,428"
"09/12/2002","W","5,615"
"09/13/2002","W","6,499"
"09/14/2002","A","4,557"
"09/15/2002","U","3,313"
"09/16/2002","W","5,303"
"09/17/2002","W","5,467"
"09/18/2002","W","5,638"
"09/19/2002","W","5,649"
"09/20/2002","W","5,812"
"09/21/2002","A","4,580"
"09/22/2002","U","2,976"
"09/23/2002","W","5,683"
"09/24/2002","W","9,628"
"09/25/2002","W","9,971"
"09/26/2002","W","8,739"
"09/27/2002","W","10,455"
"09/28/2002","A","10,281"
"09/29/2002","U","7,592"
"09/30/2002","W","5,350"
"10/01/2002","W","5,516"
"10/02/2002","W","5,531"
"10/03/2002","W","5,694"
"10/04/2002","W","5,804"
"10/05/2002","A","4,589"
"10/06/2002","U","3,217"
"10/07/2002","W","5,544"
"10/08/2002","W","5,480"
"10/09/2002","W","5,668"
"10/10/2002","W","5,795"
"10/11/2002","W","6,490"
"10/12/2002","A","4,579"
"10/13/2002","U","4,332"
"10/14/2002","W","5,048"
"10/15/2002","W","5,676"
"10/16/2002","W","5,614"
"10/17/2002","W","5,505"
"10/18/2002","W","6,181"
"10/19/2002","A","4,443"
"10/20/2002","U","3,012"
"10/21/2002","W","5,337"
"10/22/2002","W","5,385"
"10/23/2002","W","5,645"
"10/24/2002","W","5,510"
"10/25/2002","W","5,869"
"10/26/2002","A","4,369"
"10/27/2002","U","2,973"
"10/28/2002","W","5,240"
"10/29/2002","W","5,287"
"10/30/2002","W","5,492"
"10/31/2002","W","6,049"
"11/01/2002","W","6,330"
"11/02/2002","A","3,915"
"11/03/2002","U","2,700"
"11/04/2002","W","5,178"
"11/05/2002","W","5,291"
"11/06/2002","W","5,464"
"11/07/2002","W","5,606"
"11/08/2002","W","7,465"
"11/09/2002","A","4,465"
"11/10/2002","U","3,215"
"11/11/2002","W","4,956"
"11/12/2002","W","5,256"
"11/13/2002","W","5,427"
"11/14/2002","W","5,634"
"11/15/2002","W","5,864"
"11/16/2002","A","4,076"
"11/17/2002","U","2,692"
"11/18/2002","W","5,320"
"11/19/2002","W","5,451"
"11/20/2002","W","5,422"
"11/21/2002","W","5,354"
"11/22/2002","W","5,814"
"11/23/2002","A","4,463"
"11/24/2002","U","2,728"
"11/25/2002","W","5,204"
"11/26/2002","W","5,280"
"11/27/2002","W","4,569"
"11/28/2002","U","1,252"
"11/29/2002","W","2,854"
"11/30/2002","A","2,579"
"12/01/2002","U","1,704"
"12/02/2002","W","4,677"
"12/03/2002","W","5,301"
"12/04/2002","W","5,144"
"12/05/2002","W","5,174"
"12/06/2002","W","5,488"
"12/07/2002","A","3,783"
"12/08/2002","U","2,513"
"12/09/2002","W","5,707"
"12/10/2002","W","5,221"
"12/11/2002","W","5,088"
"12/12/2002","W","5,235"
"12/13/2002","W","5,476"
"12/14/2002","A","4,008"
"12/15/2002","U","2,702"
"12/16/2002","W","4,864"
"12/17/2002","W","4,982"
"12/18/2002","W","4,986"
"12/19/2002","W","5,321"
"12/20/2002","W","5,120"
"12/21/2002","A","3,088"
"12/22/2002","U","2,131"
"12/23/2002","W","3,367"
"12/24/2002","W","1,944"
"12/25/2002","U","541"
"12/26/2002","W","2,244"
"12/27/2002","W","3,193"
"12/28/2002","A","2,325"
"12/29/2002","U","2,031"
"12/30/2002","W","4,079"
"12/31/2002","W","4,641"
"01/01/2003","U","2,949"
"01/02/2003","W","4,269"
"01/03/2003","W","4,725"
"01/04/2003","A","3,037"
"01/05/2003","U","2,016"
"01/06/2003","W","4,825"
"01/07/2003","W","4,862"
"01/08/2003","W","4,990"
"01/09/2003","W","5,078"
"01/10/2003","W","5,229"
"01/11/2003","A","2,984"
"01/12/2003","U","2,147"
"01/13/2003","W","4,962"
"01/14/2003","W","5,003"
"01/15/2003","W","4,922"
"01/16/2003","W","5,055"
"01/17/2003","W","5,235"
"01/18/2003","A","3,125"
"01/19/2003","U","2,287"
"01/20/2003","W","3,731"
"01/21/2003","W","4,748"
"01/22/2003","W","4,749"
"01/23/2003","W","4,645"
"01/24/2003","W","4,616"
"01/25/2003","A","3,175"
"01/26/2003","U","2,084"
"01/27/2003","W","4,580"
"01/28/2003","W","4,875"
"01/29/2003","W","4,961"
"01/30/2003","W","5,164"
"01/31/2003","W","5,047"
"02/01/2003","A","3,281"
"02/02/2003","U","2,531"
"02/03/2003","W","4,834"
"02/04/2003","W","4,978"
"02/05/2003","W","4,918"
"02/06/2003","W","5,172"
"02/07/2003","W","5,022"
"02/08/2003","A","3,263"
"02/09/2003","U","2,198"
"02/10/2003","W","4,805"
"02/11/2003","W","4,942"
"02/12/2003","W","4,703"
"02/13/2003","W","5,172"
"02/14/2003","W","5,353"
"02/15/2003","A","3,634"
"02/16/2003","U","2,376"
"02/17/2003","W","4,302"
"02/18/2003","W","5,251"
"02/19/2003","W","5,263"
"02/20/2003","W","6,126"
"02/21/2003","W","6,133"
"02/22/2003","A","3,443"
"02/23/2003","U","2,306"
"02/24/2003","W","4,810"
"02/25/2003","W","4,860"
"02/26/2003","W","5,163"
"02/27/2003","W","5,224"
"02/28/2003","W","5,262"
"03/01/2003","A","3,610"
"03/02/2003","U","2,260"
"03/03/2003","W","4,585"
"03/04/2003","W","5,122"
"03/05/2003","W","5,510"
"03/06/2003","W","4,909"
"03/07/2003","W","5,397"
"03/08/2003","A","3,246"
"03/09/2003","U","2,097"
"03/10/2003","W","4,868"
"03/11/2003","W","5,290"
"03/12/2003","W","5,295"
"03/13/2003","W","5,392"
"03/14/2003","W","6,144"
"03/15/2003","A","5,951"
"03/16/2003","U","3,485"
"03/17/2003","W","5,814"
"03/18/2003","W","5,381"
"03/19/2003","W","5,205"
"03/20/2003","W","5,554"
"03/21/2003","W","5,374"
"03/22/2003","A","3,615"
"03/23/2003","U","3,001"
"03/24/2003","W","5,005"
"03/25/2003","W","5,103"
"03/26/2003","W","5,239"
"03/27/2003","W","5,451"
"03/28/2003","W","5,024"
"03/29/2003","A","3,492"
"03/30/2003","U","2,325"
"03/31/2003","W","4,840"
"04/01/2003","W","5,135"
"04/02/2003","W","5,308"
"04/03/2003","W","5,176"
"04/04/2003","W","5,204"
"04/05/2003","A","4,202"
"04/06/2003","U","2,596"
"04/07/2003","W","5,289"
"04/08/2003","W","7,765"
"04/09/2003","W","7,450"
"04/10/2003","W","8,712"
"04/11/2003","W","10,327"
"04/12/2003","A","11,026"
"04/13/2003","U","7,534"
"04/14/2003","W","10,157"
"04/15/2003","W","9,254"
"04/16/2003","W","7,733"
"04/17/2003","W","8,183"
"04/18/2003","W","4,705"
"04/19/2003","A","3,121"
"04/20/2003","U","2,101"
"04/21/2003","W","4,561"
"04/22/2003","W","9,451"
"04/23/2003","W","10,268"
"04/24/2003","W","10,133"
"04/25/2003","W","5,666"
"04/26/2003","A","3,929"
"04/27/2003","U","2,719"
"04/28/2003","W","4,795"
"04/29/2003","W","5,070"
"04/30/2003","W","4,994"
"05/01/2003","W","5,194"
"05/02/2003","W","9,480"
"05/03/2003","A","10,885"
"05/04/2003","U","7,319"
"05/05/2003","W","10,088"
"05/06/2003","W","10,658"
"05/07/2003","W","10,413"
"05/08/2003","W","5,494"
"05/09/2003","W","12,556"
"05/10/2003","A","10,201"
"05/11/2003","U","7,998"
"05/12/2003","W","5,098"
"05/13/2003","W","5,455"
"05/14/2003","W","5,095"
"05/15/2003","W","5,231"
"05/16/2003","W","5,624"
"05/17/2003","A","3,715"
"05/18/2003","U","2,632"
"05/19/2003","W","5,162"
"05/20/2003","W","5,214"
"05/21/2003","W","5,248"
"05/22/2003","W","5,370"
"05/23/2003","W","5,662"
"05/24/2003","A","4,205"
"05/25/2003","U","3,655"
"05/26/2003","U","11,108"
"05/27/2003","W","10,697"
"05/28/2003","W","10,590"
"05/29/2003","W","5,464"
"05/30/2003","W","12,262"
"05/31/2003","A","10,096"
"06/01/2003","U","9,086"
"06/02/2003","W","5,142"
"06/03/2003","W","9,588"
"06/04/2003","W","10,789"
"06/05/2003","W","12,252"
"06/06/2003","W","13,833"
"06/07/2003","A","14,713"
"06/08/2003","U","9,748"
"06/09/2003","W","5,941"
"06/10/2003","W","5,398"
"06/11/2003","W","5,413"
"06/12/2003","W","5,652"
"06/13/2003","W","5,997"
"06/14/2003","A","4,538"
"06/15/2003","U","2,883"
"06/16/2003","W","5,490"
"06/17/2003","W","5,388"
"06/18/2003","W","5,199"
"06/19/2003","W","5,542"
"06/20/2003","W","14,228"
"06/21/2003","A","12,009"
"06/22/2003","U","9,588"
"06/23/2003","W","4,928"
"06/24/2003","W","11,932"
"06/25/2003","W","12,300"
"06/26/2003","W","12,841"
"06/27/2003","W","5,918"
"06/28/2003","A","5,348"
"06/29/2003","U","8,755"
"06/30/2003","W","5,544"
"07/01/2003","W","5,689"
"07/02/2003","W","5,792"
"07/03/2003","W","6,897"
"07/04/2003","U","13,972"
"07/05/2003","A","13,057"
"07/06/2003","U","10,035"
"07/07/2003","W","12,310"
"07/08/2003","W","11,511"
"07/09/2003","W","12,375"
"07/10/2003","W","14,098"
"07/11/2003","W","15,013"
"07/12/2003","A","13,030"
"07/13/2003","U","10,847"
"07/14/2003","W","6,079"
"07/15/2003","W","5,893"
"07/16/2003","W","5,472"
"07/17/2003","W","5,293"
"07/18/2003","W","5,994"
"07/19/2003","A","5,588"
"07/20/2003","U","3,890"
"07/21/2003","W","5,369"
"07/22/2003","W","5,278"
"07/23/2003","W","14,047"
"07/24/2003","W","16,554"
"07/25/2003","W","5,907"
"07/26/2003","A","4,454"
"07/27/2003","U","3,026"
"07/28/2003","W","5,329"
"07/29/2003","W","12,801"
"07/30/2003","W","15,355"
"07/31/2003","W","14,983"
"08/01/2003","W","15,209"
"08/02/2003","A","14,128"
"08/03/2003","U","11,651"
"08/04/2003","W","5,379"
"08/05/2003","W","5,405"
"08/06/2003","W","5,410"
"08/07/2003","W","5,445"
"08/08/2003","W","5,933"
"08/09/2003","A","6,638"
"08/10/2003","U","4,948"
"08/11/2003","W","11,923"
"08/12/2003","W","12,731"
"08/13/2003","W","14,686"
"08/14/2003","W","11,505"
"08/15/2003","W","14,816"
"08/16/2003","A","13,907"
"08/17/2003","U","12,003"
"08/18/2003","W","4,970"
"08/19/2003","W","5,303"
"08/20/2003","W","5,034"
"08/21/2003","W","5,197"
"08/22/2003","W","5,782"
"08/23/2003","A","4,278"
"08/24/2003","U","3,048"
"08/25/2003","W","4,962"
"08/26/2003","W","5,293"
"08/27/2003","W","5,163"
"08/28/2003","W","5,361"
"08/29/2003","W","12,869"
"08/30/2003","A","11,860"
"08/31/2003","U","10,825"
"09/01/2003","U","8,907"
"09/02/2003","W","16,407"
"09/03/2003","W","11,508"
"09/04/2003","W","13,076"
"09/05/2003","W","6,179"
"09/06/2003","A","4,787"
"09/07/2003","U","3,163"
"09/08/2003","W","5,467"
"09/09/2003","W","5,520"
"09/10/2003","W","5,852"
"09/11/2003","W","5,766"
"09/12/2003","W","14,906"
"09/13/2003","A","12,758"
"09/14/2003","U","9,207"
"09/15/2003","W","11,786"
"09/16/2003","W","12,323"
"09/17/2003","W","13,267"
"09/18/2003","W","6,049"
"09/19/2003","W","6,340"
"09/20/2003","A","4,575"
"09/21/2003","U","3,269"
"09/22/2003","W","5,664"
"09/23/2003","W","5,746"
"09/24/2003","W","5,766"
"09/25/2003","W","5,968"
"09/26/2003","W","14,034"
"09/27/2003","A","14,939"
"09/28/2003","U","11,020"
"09/29/2003","W","5,824"
"09/30/2003","W","5,909"
"10/01/2003","W","5,924"
"10/02/2003","W","6,016"
"10/03/2003","W","14,912"
"10/04/2003","A","17,481"
"10/05/2003","U","4,353"
"10/06/2003","W","6,509"
"10/07/2003","W","13,380"
"10/08/2003","W","18,390"
"10/09/2003","W","7,252"
"10/10/2003","W","7,317"
"10/11/2003","A","8,047"
"10/12/2003","U","9,538"
"10/13/2003","W","6,103"
"10/14/2003","W","17,034"
"10/15/2003","W","17,260"
"10/16/2003","W","7,483"
"10/17/2003","W","6,475"
"10/18/2003","A","4,916"
"10/19/2003","U","3,962"
"10/20/2003","W","5,609"
"10/21/2003","W","5,703"
"10/22/2003","W","5,552"
"10/23/2003","W","5,739"
"10/24/2003","W","6,349"
"10/25/2003","A","3,514"
"10/26/2003","U","3,225"
"10/27/2003","W","5,286"
"10/28/2003","W","5,503"
"10/29/2003","W","5,640"
"10/30/2003","W","5,845"
"10/31/2003","W","6,619"
"11/01/2003","A","4,303"
"11/02/2003","U","2,764"
"11/03/2003","W","5,275"
"11/04/2003","W","5,254"
"11/05/2003","W","5,599"
"11/06/2003","W","5,566"
"11/07/2003","W","5,952"
"11/08/2003","A","4,297"
"11/09/2003","U","2,977"
"11/10/2003","W","5,139"
"11/11/2003","W","4,911"
"11/12/2003","W","5,393"
"11/13/2003","W","5,382"
"11/14/2003","W","5,876"
"11/15/2003","A","4,833"
"11/16/2003","U","3,205"
"11/17/2003","W","5,371"
"11/18/2003","W","5,179"
"11/19/2003","W","5,364"
"11/20/2003","W","5,563"
"11/21/2003","W","5,979"
"11/22/2003","A","4,769"
"11/23/2003","U","2,910"
"11/24/2003","W","5,169"
"11/25/2003","W","5,143"
"11/26/2003","W","4,809"
"11/27/2003","U","1,493"
"11/28/2003","W","2,747"
"11/29/2003","A","2,834"
"11/30/2003","U","2,291"
"12/01/2003","W","4,832"
"12/02/2003","W","5,028"
"12/03/2003","W","5,226"
"12/04/2003","W","5,145"
"12/05/2003","W","5,551"
"12/06/2003","A","3,962"
"12/07/2003","U","2,774"
"12/08/2003","W","4,872"
"12/09/2003","W","4,938"
"12/10/2003","W","5,202"
"12/11/2003","W","5,137"
"12/12/2003","W","5,345"
"12/13/2003","A","3,925"
"12/14/2003","U","2,837"
"12/15/2003","W","4,705"
"12/16/2003","W","4,861"
"12/17/2003","W","4,965"
"12/18/2003","W","5,011"
"12/19/2003","W","4,862"
"12/20/2003","A","3,281"
"12/21/2003","U","2,647"
"12/22/2003","W","4,007"
"12/23/2003","W","3,633"
"12/24/2003","W","2,068"
"12/25/2003","U","552"
"12/26/2003","W","2,004"
"12/27/2003","A","2,207"
"12/28/2003","U","1,814"
"12/29/2003","W","3,667"
"12/30/2003","W","4,119"
"12/31/2003","W","3,761"
"01/01/2004","U","3,249"
"01/02/2004","W","4,025"
"01/03/2004","A","3,035"
"01/04/2004","U","1,967"
"01/05/2004","W","4,661"
"01/06/2004","W","4,455"
"01/07/2004","W","4,868"
"01/08/2004","W","5,052"
"01/09/2004","W","5,293"
"01/10/2004","A","3,188"
"01/11/2004","U","2,375"
"01/12/2004","W","5,055"
"01/13/2004","W","5,138"
"01/14/2004","W","5,206"
"01/15/2004","W","5,184"
"01/16/2004","W","5,159"
"01/17/2004","A","3,943"
"01/18/2004","U","2,741"
"01/19/2004","W","3,474"
"01/20/2004","W","4,716"
"01/21/2004","W","4,924"
"01/22/2004","W","4,632"
"01/23/2004","W","4,876"
"01/24/2004","A","3,223"
"01/25/2004","U","2,332"
"01/26/2004","W","4,791"
"01/27/2004","W","5,022"
"01/28/2004","W","4,807"
"01/29/2004","W","4,710"
"01/30/2004","W","4,388"
"01/31/2004","A","2,687"
"02/01/2004","U","2,293"
"02/02/2004","W","4,684"
"02/03/2004","W","4,857"
"02/04/2004","W","5,035"
"02/05/2004","W","4,984"
"02/06/2004","W","5,129"
"02/07/2004","A","3,475"
"02/08/2004","U","2,461"
"02/09/2004","W","5,066"
"02/10/2004","W","5,143"
"02/11/2004","W","5,137"
"02/12/2004","W","4,828"
"02/13/2004","W","5,089"
"02/14/2004","A","3,449"
"02/15/2004","U","2,562"
"02/16/2004","W","3,962"
"02/17/2004","W","5,168"
"02/18/2004","W","5,127"
"02/19/2004","W","5,375"
"02/20/2004","W","5,321"
"02/21/2004","A","3,886"
"02/22/2004","U","2,499"
"02/23/2004","W","5,215"
"02/24/2004","W","5,437"
"02/25/2004","W","6,380"
"02/26/2004","W","6,947"
"02/27/2004","W","6,128"
"02/28/2004","A","4,210"
"02/29/2004","U","2,941"
"03/01/2004","W","4,766"
"03/02/2004","W","5,381"
"03/03/2004","W","5,282"
"03/04/2004","W","5,188"
"03/05/2004","W","5,232"
"03/06/2004","A","4,023"
"03/07/2004","U","2,590"
"03/08/2004","W","5,210"
"03/09/2004","W","5,272"
"03/10/2004","W","5,346"
"03/11/2004","W","5,429"
"03/12/2004","W","5,549"
"03/13/2004","A","5,390"
"03/14/2004","U","2,891"
"03/15/2004","W","5,200"
"03/16/2004","W","5,528"
"03/17/2004","W","5,470"
"03/18/2004","W","5,548"
"03/19/2004","W","5,485"
"03/20/2004","A","4,094"
"03/21/2004","U","2,405"
"03/22/2004","W","5,022"
"03/23/2004","W","5,209"
"03/24/2004","W","5,245"
"03/25/2004","W","5,261"
"03/26/2004","W","5,348"
"03/27/2004","A","4,174"
"03/28/2004","U","3,089"
"03/29/2004","W","5,241"
"03/30/2004","W","5,237"
"03/31/2004","W","5,309"
"04/01/2004","W","5,378"
"04/02/2004","W","5,357"
"04/03/2004","A","4,183"
"04/04/2004","U","2,630"
"04/05/2004","W","5,215"
"04/06/2004","W","5,413"
"04/07/2004","W","5,396"
"04/08/2004","W","5,722"
"04/09/2004","W","4,946"
"04/10/2004","A","3,894"
"04/11/2004","U","1,912"
"04/12/2004","W","11,494"
"04/13/2004","W","5,186"
"04/14/2004","W","10,140"
"04/15/2004","W","11,763"
"04/16/2004","W","13,374"
"04/17/2004","A","11,333"
"04/18/2004","U","9,025"
"04/19/2004","W","10,735"
"04/20/2004","W","5,368"
"04/21/2004","W","5,547"
"04/22/2004","W","5,529"
"04/23/2004","W","12,486"
"04/24/2004","A","11,450"
"04/25/2004","U","9,415"
"04/26/2004","W","5,032"
"04/27/2004","W","5,234"
"04/28/2004","W","5,114"
"04/29/2004","W","5,133"
"04/30/2004","W","5,451"
"05/01/2004","A","3,335"
"05/02/2004","U","2,569"
"05/03/2004","W","4,987"
"05/04/2004","W","10,976"
"05/05/2004","W","11,288"
"05/06/2004","W","12,234"
"05/07/2004","W","12,186"
"05/08/2004","A","10,507"
"05/09/2004","U","7,375"
"05/10/2004","W","4,988"
"05/11/2004","W","5,208"
"05/12/2004","W","5,102"
"05/13/2004","W","5,306"
"05/14/2004","W","5,606"
"05/15/2004","A","4,149"
"05/16/2004","U","2,994"
"05/17/2004","W","5,258"
"05/18/2004","W","12,175"
"05/19/2004","W","12,220"
"05/20/2004","W","12,991"
"05/21/2004","W","13,287"
"05/22/2004","A","11,874"
"05/23/2004","U","9,153"
"05/24/2004","W","5,472"
"05/25/2004","W","5,298"
"05/26/2004","W","5,362"
"05/27/2004","W","5,567"
"05/28/2004","W","5,735"
"05/29/2004","A","4,387"
"05/30/2004","U","2,963"
"05/31/2004","U","8,946"
"06/01/2004","W","11,505"
"06/02/2004","W","12,954"
"06/03/2004","W","5,764"
"06/04/2004","W","13,452"
"06/05/2004","A","11,791"
"06/06/2004","U","9,692"
"06/07/2004","W","11,751"
"06/08/2004","W","11,989"
"06/09/2004","W","13,816"
"06/10/2004","W","13,130"
"06/11/2004","W","5,952"
"06/12/2004","A","4,979"
"06/13/2004","U","3,404"
"06/14/2004","W","5,085"
"06/15/2004","W","5,412"
"06/16/2004","W","5,395"
"06/17/2004","W","5,531"
"06/18/2004","W","14,413"
"06/19/2004","A","12,792"
"06/20/2004","U","10,167"
"06/21/2004","W","4,734"
"06/22/2004","W","5,281"
"06/23/2004","W","5,209"
"06/24/2004","W","5,157"
"06/25/2004","W","5,887"
"06/26/2004","A","5,914"
"06/27/2004","U","9,075"
"06/28/2004","W","5,119"
"06/29/2004","W","12,414"
"06/30/2004","W","13,871"
"07/01/2004","W","13,106"
"07/02/2004","W","14,655"
"07/03/2004","A","14,876"
"07/04/2004","U","11,525"
"07/05/2004","U","3,551"
"07/06/2004","W","4,762"
"07/07/2004","W","5,212"
"07/08/2004","W","5,348"
"07/09/2004","W","5,577"
"07/10/2004","A","5,071"
"07/11/2004","U","3,828"
"07/12/2004","W","5,130"
"07/13/2004","W","5,146"
"07/14/2004","W","5,614"
"07/15/2004","W","13,075"
"07/16/2004","W","14,456"
"07/17/2004","A","13,800"
"07/18/2004","U","10,731"
"07/19/2004","W","12,819"
"07/20/2004","W","13,861"
"07/21/2004","W","13,160"
"07/22/2004","W","13,847"
"07/23/2004","W","5,570"
"07/24/2004","A","4,682"
"07/25/2004","U","3,685"
"07/26/2004","W","5,119"
"07/27/2004","W","5,280"
"07/28/2004","W","5,312"
"07/29/2004","W","5,476"
"07/30/2004","W","15,096"
"07/31/2004","A","14,463"
"08/01/2004","U","11,675"
"08/02/2004","W","4,786"
"08/03/2004","W","4,967"
"08/04/2004","W","4,985"
"08/05/2004","W","5,142"
"08/06/2004","W","5,676"
"08/07/2004","A","6,159"
"08/08/2004","U","5,048"
"08/09/2004","W","5,280"
"08/10/2004","W","12,695"
"08/11/2004","W","12,562"
"08/12/2004","W","14,790"
"08/13/2004","W","14,444"
"08/14/2004","A","12,400"
"08/15/2004","U","10,506"
"08/16/2004","W","4,595"
"08/17/2004","W","5,673"
"08/18/2004","W","4,861"
"08/19/2004","W","4,857"
"08/20/2004","W","5,624"
"08/21/2004","A","4,918"
"08/22/2004","U","3,750"
"08/23/2004","W","11,650"
"08/24/2004","W","11,257"
"08/25/2004","W","11,930"
"08/26/2004","W","12,598"
"08/27/2004","W","13,591"
"08/28/2004","A","12,311"
"08/29/2004","U","9,933"
"08/30/2004","W","4,886"
"08/31/2004","W","4,978"
"09/01/2004","W","4,939"
"09/02/2004","W","5,238"
"09/03/2004","W","5,369"
"09/04/2004","A","4,261"
"09/05/2004","U","3,813"
"09/06/2004","U","9,054"
"09/07/2004","W","10,899"
"09/08/2004","W","11,746"
"09/09/2004","W","5,965"
"09/10/2004","W","14,194"
"09/11/2004","A","11,104"
"09/12/2004","U","9,648"
"09/13/2004","W","11,118"
"09/14/2004","W","11,464"
"09/15/2004","W","12,356"
"09/16/2004","W","5,661"
"09/17/2004","W","5,977"
"09/18/2004","A","4,792"
"09/19/2004","U","3,443"
"09/20/2004","W","5,394"
"09/21/2004","W","5,455"
"09/22/2004","W","5,478"
"09/23/2004","W","5,801"
"09/24/2004","W","6,285"
"09/25/2004","A","4,962"
"09/26/2004","U","3,446"
"09/27/2004","W","11,984"
"09/28/2004","W","11,456"
"09/29/2004","W","12,641"
"09/30/2004","W","12,416"
"10/01/2004","W","13,442"
"10/02/2004","A","11,721"
"10/03/2004","U","8,016"
"10/04/2004","W","5,311"
"10/05/2004","W","5,537"
"10/06/2004","W","5,603"
"10/07/2004","W","5,974"
"10/08/2004","W","5,780"
"10/09/2004","A","4,986"
"10/10/2004","U","6,744"
"10/11/2004","W","5,027"
"10/12/2004","W","5,308"
"10/13/2004","W","5,535"
"10/14/2004","W","5,554"
"10/15/2004","W","6,243"
"10/16/2004","A","4,105"
"10/17/2004","U","3,312"
"10/18/2004","W","5,099"
"10/19/2004","W","5,414"
"10/20/2004","W","5,504"
"10/21/2004","W","5,592"
"10/22/2004","W","5,971"
"10/23/2004","A","4,105"
"10/24/2004","U","3,053"
"10/25/2004","W","5,245"
"10/26/2004","W","5,301"
"10/27/2004","W","5,653"
"10/28/2004","W","5,557"
"10/29/2004","W","6,028"
"10/30/2004","A","4,409"
"10/31/2004","U","4,171"
"11/01/2004","W","5,076"
"11/02/2004","W","5,183"
"11/03/2004","W","5,463"
"11/04/2004","W","5,452"
"11/05/2004","W","5,622"
"11/06/2004","A","4,521"
"11/07/2004","U","2,918"
"11/08/2004","W","5,375"
"11/09/2004","W","5,376"
"11/10/2004","W","5,711"
"11/11/2004","W","5,199"
"11/12/2004","W","5,782"
"11/13/2004","A","4,620"
"11/14/2004","U","3,203"
"11/15/2004","W","5,184"
"11/16/2004","W","5,572"
"11/17/2004","W","5,604"
"11/18/2004","W","5,265"
"11/19/2004","W","5,972"
"11/20/2004","A","4,699"
"11/21/2004","U","3,235"
"11/22/2004","W","5,123"
"11/23/2004","W","5,335"
"11/24/2004","W","4,430"
"11/25/2004","U","1,338"
"11/26/2004","W","2,664"
"11/27/2004","A","2,506"
"11/28/2004","U","2,063"
"11/29/2004","W","4,758"
"11/30/2004","W","4,932"
"12/01/2004","W","5,110"
"12/02/2004","W","5,223"
"12/03/2004","W","5,387"
"12/04/2004","A","4,465"
"12/05/2004","U","3,078"
"12/06/2004","W","4,953"
"12/07/2004","W","4,896"
"12/08/2004","W","5,230"
"12/09/2004","W","5,301"
"12/10/2004","W","5,526"
"12/11/2004","A","3,950"
"12/12/2004","U","2,599"
"12/13/2004","W","4,844"
"12/14/2004","W","4,976"
"12/15/2004","W","5,212"
"12/16/2004","W","5,336"
"12/17/2004","W","5,352"
"12/18/2004","A","3,699"
"12/19/2004","U","2,111"
"12/20/2004","W","4,017"
"12/21/2004","W","4,173"
"12/22/2004","W","3,664"
"12/23/2004","W","3,110"
"12/24/2004","W","1,264"
"12/25/2004","U","439"
"12/26/2004","U","1,154"
"12/27/2004","W","2,663"
"12/28/2004","W","3,554"
"12/29/2004","W","3,941"
"12/30/2004","W","3,880"
"12/31/2004","W","4,416"
"01/01/2005","U","3,342"
"01/02/2005","U","2,249"
"01/03/2005","W","4,373"
"01/04/2005","W","4,835"
"01/05/2005","W","4,992"
"01/06/2005","W","5,090"
"01/07/2005","W","5,136"
"01/08/2005","A","3,358"
"01/09/2005","U","2,382"
"01/10/2005","W","4,740"
"01/11/2005","W","4,939"
"01/12/2005","W","5,012"
"01/13/2005","W","5,035"
"01/14/2005","W","4,937"
"01/15/2005","A","2,997"
"01/16/2005","U","2,181"
"01/17/2005","W","3,204"
"01/18/2005","W","4,776"
"01/19/2005","W","5,060"
"01/20/2005","W","5,207"
"01/21/2005","W","5,436"
"01/22/2005","A","3,443"
"01/23/2005","U","2,426"
"01/24/2005","W","4,899"
"01/25/2005","W","5,271"
"01/26/2005","W","4,952"
"01/27/2005","W","5,069"
"01/28/2005","W","4,881"
"01/29/2005","A","3,910"
"01/30/2005","U","2,491"
"01/31/2005","W","4,873"
"02/01/2005","W","5,093"
"02/02/2005","W","5,113"
"02/03/2005","W","5,227"
"02/04/2005","W","5,432"
"02/05/2005","A","4,126"
"02/06/2005","U","3,146"
"02/07/2005","W","4,861"
"02/08/2005","W","5,070"
"02/09/2005","W","5,111"
"02/10/2005","W","5,205"
"02/11/2005","W","5,332"
"02/12/2005","A","4,065"
"02/13/2005","U","2,321"
"02/14/2005","W","4,989"
"02/15/2005","W","5,023"
"02/16/2005","W","5,285"
"02/17/2005","W","5,045"
"02/18/2005","W","5,198"
"02/19/2005","A","4,267"
"02/20/2005","U","2,922"
"02/21/2005","W","3,957"
"02/22/2005","W","5,164"
"02/23/2005","W","6,086"
"02/24/2005","W","6,654"
"02/25/2005","W","6,351"
"02/26/2005","A","3,970"
"02/27/2005","U","2,584"
"02/28/2005","W","4,980"
"03/01/2005","W","5,051"
"03/02/2005","W","5,271"
"03/03/2005","W","5,283"
"03/04/2005","W","5,405"
"03/05/2005","A","4,052"
"03/06/2005","U","3,017"
"03/07/2005","W","4,691"
"03/08/2005","W","5,199"
"03/09/2005","W","5,316"
"03/10/2005","W","5,313"
"03/11/2005","W","5,666"
"03/12/2005","A","4,924"
"03/13/2005","U","2,906"
"03/14/2005","W","5,030"
"03/15/2005","W","5,382"
"03/16/2005","W","5,611"
"03/17/2005","W","6,012"
"03/18/2005","W","5,762"
"03/19/2005","A","4,288"
"03/20/2005","U","2,859"
"03/21/2005","W","4,845"
"03/22/2005","W","5,011"
"03/23/2005","W","5,158"
"03/24/2005","W","5,156"
"03/25/2005","W","4,454"
"03/26/2005","A","3,458"
"03/27/2005","U","1,852"
"03/28/2005","W","4,801"
"03/29/2005","W","5,485"
"03/30/2005","W","5,374"
"03/31/2005","W","5,333"
"04/01/2005","W","5,716"
"04/02/2005","A","4,802"
"04/03/2005","U","3,307"
"04/04/2005","W","5,553"
"04/05/2005","W","5,410"
"04/06/2005","W","5,826"
"04/07/2005","W","5,877"
"04/08/2005","W","14,887"
"04/09/2005","A","11,658"
"04/10/2005","U","10,699"
"04/11/2005","W","10,964"
"04/12/2005","W","8,233"
"04/13/2005","W","12,071"
"04/14/2005","W","5,538"
"04/15/2005","W","6,063"
"04/16/2005","A","4,407"
"04/17/2005","U","3,594"
"04/18/2005","W","5,507"
"04/19/2005","W","5,553"
"04/20/2005","W","5,350"
"04/21/2005","W","5,247"
"04/22/2005","W","9,849"
"04/23/2005","A","9,523"
"04/24/2005","U","8,438"
"04/25/2005","W","8,928"
"04/26/2005","W","10,946"
"04/27/2005","W","11,168"
"04/28/2005","W","5,270"
"04/29/2005","W","5,754"
"04/30/2005","A","3,483"
"05/01/2005","U","3,230"
"05/02/2005","W","4,994"
"05/03/2005","W","5,692"
"05/04/2005","W","5,461"
"05/05/2005","W","5,465"
"05/06/2005","W","12,745"
"05/07/2005","A","11,575"
"05/08/2005","U","7,731"
"05/09/2005","W","11,041"
"05/10/2005","W","12,922"
"05/11/2005","W","12,617"
"05/12/2005","W","5,622"
"05/13/2005","W","5,935"
"05/14/2005","A","4,379"
"05/15/2005","U","2,897"
"05/16/2005","W","5,352"
"05/17/2005","W","5,533"
"05/18/2005","W","5,489"
"05/19/2005","W","5,505"
"05/20/2005","W","13,497"
"05/21/2005","A","12,120"
"05/22/2005","U","10,193"
"05/23/2005","W","11,543"
"05/24/2005","W","12,995"
"05/25/2005","W","12,564"
"05/26/2005","W","13,190"
"05/27/2005","W","13,285"
"05/28/2005","A","11,835"
"05/29/2005","U","11,926"
"05/30/2005","U","2,871"
"05/31/2005","W","5,243"
"06/01/2005","W","5,398"
"06/02/2005","W","5,475"
"06/03/2005","W","6,042"
"06/04/2005","A","4,289"
"06/05/2005","U","3,171"
"06/06/2005","W","12,052"
"06/07/2005","W","12,449"
"06/08/2005","W","13,901"
"06/09/2005","W","5,928"
"06/10/2005","W","16,306"
"06/11/2005","A","14,189"
"06/12/2005","U","11,013"
"06/13/2005","W","13,218"
"06/14/2005","W","13,009"
"06/15/2005","W","14,682"
"06/16/2005","W","5,409"
"06/17/2005","W","5,811"
"06/18/2005","A","4,165"
"06/19/2005","U","3,243"
"06/20/2005","W","5,087"
"06/21/2005","W","5,350"
"06/22/2005","W","5,557"
"06/23/2005","W","5,471"
"06/24/2005","W","6,498"
"06/25/2005","A","7,173"
"06/26/2005","U","9,810"
"06/27/2005","W","5,511"
"06/28/2005","W","12,385"
"06/29/2005","W","13,570"
"06/30/2005","W","14,094"
"07/01/2005","W","13,870"
"07/02/2005","A","13,371"
"07/03/2005","U","16,014"
"07/04/2005","U","3,247"
"07/05/2005","W","4,852"
"07/06/2005","W","5,360"
"07/07/2005","W","5,455"
"07/08/2005","W","5,977"
"07/09/2005","A","5,076"
"07/10/2005","U","3,507"
"07/11/2005","W","4,950"
"07/12/2005","W","5,280"
"07/13/2005","W","5,452"
"07/14/2005","W","14,271"
"07/15/2005","W","14,833"
"07/16/2005","A","13,650"
"07/17/2005","U","10,633"
"07/18/2005","W","5,190"
"07/19/2005","W","5,352"
"07/20/2005","W","5,174"
"07/21/2005","W","5,448"
"07/22/2005","W","6,369"
"07/23/2005","A","5,486"
"07/24/2005","U","3,614"
"07/25/2005","W","12,237"
"07/26/2005","W","8,932"
"07/27/2005","W","15,571"
"07/28/2005","W","14,317"
"07/29/2005","W","14,184"
"07/30/2005","A","14,073"
"07/31/2005","U","11,132"
"08/01/2005","W","4,829"
"08/02/2005","W","5,313"
"08/03/2005","W","5,122"
"08/04/2005","W","5,367"
"08/05/2005","W","6,062"
"08/06/2005","A","6,984"
"08/07/2005","U","5,449"
"08/08/2005","W","13,471"
"08/09/2005","W","14,093"
"08/10/2005","W","13,325"
"08/11/2005","W","13,399"
"08/12/2005","W","14,489"
"08/13/2005","A","13,811"
"08/14/2005","U","9,882"
"08/15/2005","W","5,323"
"08/16/2005","W","5,174"
"08/17/2005","W","5,150"
"08/18/2005","W","5,047"
"08/19/2005","W","5,949"
"08/20/2005","A","4,842"
"08/21/2005","U","3,693"
"08/22/2005","W","11,977"
"08/23/2005","W","11,977"
"08/24/2005","W","13,413"
"08/25/2005","W","5,313"
"08/26/2005","W","13,706"
"08/27/2005","A","12,297"
"08/28/2005","U","10,225"
"08/29/2005","W","11,324"
"08/30/2005","W","11,465"
"08/31/2005","W","11,959"
"09/01/2005","W","5,719"
"09/02/2005","W","5,941"
"09/03/2005","A","4,964"
"09/04/2005","U","12,523"
"09/05/2005","U","11,602"
"09/06/2005","W","5,558"
"09/07/2005","W","5,644"
"09/08/2005","W","5,879"
"09/09/2005","W","6,662"
"09/10/2005","A","5,523"
"09/11/2005","U","3,886"
"09/12/2005","W","11,577"
"09/13/2005","W","11,921"
"09/14/2005","W","11,746"
"09/15/2005","W","12,343"
"09/16/2005","W","13,206"
"09/17/2005","A","13,720"
"09/18/2005","U","10,303"
"09/19/2005","W","5,636"
"09/20/2005","W","6,066"
"09/21/2005","W","6,027"
"09/22/2005","W","5,851"
"09/23/2005","W","13,663"
"09/24/2005","A","13,132"
"09/25/2005","U","9,259"
"09/26/2005","W","5,466"
"09/27/2005","W","11,302"
"09/28/2005","W","11,125"
"09/29/2005","W","5,920"
"09/30/2005","W","6,289"
"10/01/2005","A","4,805"
"10/02/2005","U","3,535"
"10/03/2005","W","2,815"
"10/04/2005","W","5,650"
"10/05/2005","W","5,966"
"10/06/2005","W","6,032"
"10/07/2005","W","6,172"
"10/08/2005","A","4,949"
"10/09/2005","U","7,556"
"10/10/2005","W","5,004"
"10/11/2005","W","5,706"
"10/12/2005","W","5,918"
"10/13/2005","W","5,848"
"10/14/2005","W","6,827"
"10/15/2005","A","5,238"
"10/16/2005","U","3,978"
"10/17/2005","W","5,651"
"10/18/2005","W","5,865"
"10/19/2005","W","5,703"
"10/20/2005","W","6,078"
"10/21/2005","W","6,263"
"10/22/2005","A","5,028"
"10/23/2005","U","3,654"
"10/24/2005","W","5,238"
"10/25/2005","W","5,566"
"10/26/2005","W","5,736"
"10/27/2005","W","5,969"
"10/28/2005","W","6,336"
"10/29/2005","A","6,110"
"10/30/2005","U","3,965"
"10/31/2005","W","5,812"
"11/01/2005","W","5,727"
"11/02/2005","W","5,682"
"11/03/2005","W","5,932"
"11/04/2005","W","6,086"
"11/05/2005","A","4,986"
"11/06/2005","U","3,287"
"11/07/2005","W","5,638"
"11/08/2005","W","5,432"
"11/09/2005","W","5,761"
"11/10/2005","W","6,014"
"11/11/2005","W","6,216"
"11/12/2005","A","4,984"
"11/13/2005","U","3,774"
"11/14/2005","W","5,394"
"11/15/2005","W","5,432"
"11/16/2005","W","5,375"
"11/17/2005","W","5,647"
"11/18/2005","W","5,834"
"11/19/2005","A","5,212"
"11/20/2005","U","3,489"
"11/21/2005","W","5,458"
"11/22/2005","W","5,419"
"11/23/2005","W","4,845"
"11/24/2005","U","1,527"
"11/25/2005","W","2,632"
"11/26/2005","A","2,940"
"11/27/2005","U","2,274"
"11/28/2005","W","4,852"
"11/29/2005","W","5,233"
"11/30/2005","W","5,213"
"12/01/2005","W","5,500"
"12/02/2005","W","5,617"
"12/03/2005","A","4,152"
"12/04/2005","U","3,270"
"12/05/2005","W","4,916"
"12/06/2005","W","5,073"
"12/07/2005","W","4,940"
"12/08/2005","W","5,396"
"12/09/2005","W","5,691"
"12/10/2005","A","3,950"
"12/11/2005","U","3,002"
"12/12/2005","W","5,150"
"12/13/2005","W","5,202"
"12/14/2005","W","5,384"
"12/15/2005","W","5,484"
"12/16/2005","W","5,622"
"12/17/2005","A","3,927"
"12/18/2005","U","2,797"
"12/19/2005","W","4,558"
"12/20/2005","W","4,349"
"12/21/2005","W","4,506"
"12/22/2005","W","4,529"
"12/23/2005","W","3,666"
"12/24/2005","A","1,497"
"12/25/2005","U","689"
"12/26/2005","U","1,495"
"12/27/2005","W","3,518"
"12/28/2005","W","3,840"
"12/29/2005","W","4,094"
"12/30/2005","W","4,312"
"12/31/2005","A","4,707"
"01/01/2006","U","4,075"
"01/02/2006","U","2,282"
"01/03/2006","W","4,587"
"01/04/2006","W","4,755"
"01/05/2006","W","4,940"
"01/06/2006","W","5,220"
"01/07/2006","A","3,632"
"01/08/2006","U","2,689"
"01/09/2006","W","4,923"
"01/10/2006","W","5,140"
"01/11/2006","W","4,973"
"01/12/2006","W","5,300"
"01/13/2006","W","5,291"
"01/14/2006","A","3,995"
"01/15/2006","U","3,515"
"01/16/2006","W","3,790"
"01/17/2006","W","5,206"
"01/18/2006","W","5,226"
"01/19/2006","W","5,569"
"01/20/2006","W","5,609"
"01/21/2006","A","3,920"
"01/22/2006","U","3,147"
"01/23/2006","W","5,206"
"01/24/2006","W","5,312"
"01/25/2006","W","5,348"
"01/26/2006","W","5,584"
"01/27/2006","W","5,540"
"01/28/2006","A","4,118"
"01/29/2006","U","3,091"
"01/30/2006","W","5,170"
"01/31/2006","W","5,326"
"02/01/2006","W","5,593"
"02/02/2006","W","5,661"
"02/03/2006","W","5,796"
"02/04/2006","A","3,952"
"02/05/2006","U","3,109"
"02/06/2006","W","5,005"
"02/07/2006","W","5,352"
"02/08/2006","W","5,430"
"02/09/2006","W","5,577"
"02/10/2006","W","5,686"
"02/11/2006","A","4,541"
"02/12/2006","U","2,989"
"02/13/2006","W","4,911"
"02/14/2006","W","5,471"
"02/15/2006","W","5,430"
"02/16/2006","W","5,350"
"02/17/2006","W","5,413"
"02/18/2006","A","3,411"
"02/19/2006","U","2,665"
"02/20/2006","W","4,055"
"02/21/2006","W","5,324"
"02/22/2006","W","5,995"
"02/23/2006","W","6,428"
"02/24/2006","W","6,241"
"02/25/2006","A","4,111"
"02/26/2006","U","2,852"
"02/27/2006","W","5,136"
"02/28/2006","W","5,480"
"03/01/2006","W","5,778"
"03/02/2006","W","5,399"
"03/03/2006","W","5,740"
"03/04/2006","A","4,263"
"03/05/2006","U","2,873"
"03/06/2006","W","4,869"
"03/07/2006","W","5,357"
"03/08/2006","W","5,396"
"03/09/2006","W","5,366"
"03/10/2006","W","6,340"
"03/11/2006","A","6,362"
"03/12/2006","U","3,649"
"03/13/2006","W","5,353"
"03/14/2006","W","5,586"
"03/15/2006","W","5,718"
"03/16/2006","W","5,873"
"03/17/2006","W","7,022"
"03/18/2006","A","6,123"
"03/19/2006","U","3,320"
"03/20/2006","W","4,931"
"03/21/2006","W","5,156"
"03/22/2006","W","5,312"
"03/23/2006","W","5,429"
"03/24/2006","W","5,662"
"03/25/2006","A","4,337"
"03/26/2006","U","3,210"
"03/27/2006","W","5,103"
"03/28/2006","W","5,542"
"03/29/2006","W","5,713"
"03/30/2006","W","5,664"
"03/31/2006","W","6,354"
"04/01/2006","A","5,150"
"04/02/2006","U","3,955"
"04/03/2006","W","5,572"
"04/04/2006","W","6,115"
"04/05/2006","W","5,805"
"04/06/2006","W","5,950"
"04/07/2006","W","14,516"
"04/08/2006","A","12,667"
"04/09/2006","U","10,050"
"04/10/2006","W","5,950"
"04/11/2006","W","11,596"
"04/12/2006","W","11,556"
"04/13/2006","W","13,761"
"04/14/2006","W","5,610"
"04/15/2006","A","4,508"
"04/16/2006","U","2,190"
"04/17/2006","W","5,061"
"04/18/2006","W","5,705"
"04/19/2006","W","5,934"
"04/20/2006","W","5,837"
"04/21/2006","W","6,164"
"04/22/2006","A","5,066"
"04/23/2006","U","3,561"
"04/24/2006","W","11,359"
"04/25/2006","W","11,240"
"04/26/2006","W","12,224"
"04/27/2006","W","5,683"
"04/28/2006","W","14,050"
"04/29/2006","A","12,412"
"04/30/2006","U","6,026"
"05/01/2006","W","11,196"
"05/02/2006","W","12,248"
"05/03/2006","W","5,649"
"05/04/2006","W","6,037"
"05/05/2006","W","6,065"
"05/06/2006","A","4,938"
"05/07/2006","U","3,498"
"05/08/2006","W","5,243"
"05/09/2006","W","5,608"
"05/10/2006","W","5,579"
"05/11/2006","W","5,322"
"05/12/2006","W","12,623"
"05/13/2006","A","11,067"
"05/14/2006","U","9,082"
"05/15/2006","W","5,018"
"05/16/2006","W","12,849"
"05/17/2006","W","11,994"
"05/18/2006","W","13,990"
"05/19/2006","W","6,286"
"05/20/2006","A","5,046"
"05/21/2006","U","3,704"
"05/22/2006","W","5,190"
"05/23/2006","W","5,497"
"05/24/2006","W","5,525"
"05/25/2006","W","6,200"
"05/26/2006","W","15,124"
"05/27/2006","A","13,387"
"05/28/2006","U","13,851"
"05/29/2006","U","11,191"
"05/30/2006","W","11,721"
"05/31/2006","W","12,564"
"06/01/2006","W","6,029"
"06/02/2006","W","6,244"
"06/03/2006","A","5,168"
"06/04/2006","U","4,004"
"06/05/2006","W","5,284"
"06/06/2006","W","5,642"
"06/07/2006","W","5,853"
"06/08/2006","W","5,936"
"06/09/2006","W","6,456"
"06/10/2006","A","4,614"
"06/11/2006","U","3,506"
"06/12/2006","W","5,291"
"06/13/2006","W","14,214"
"06/14/2006","W","13,177"
"06/15/2006","W","15,174"
"06/16/2006","W","15,417"
"06/17/2006","A","14,155"
"06/18/2006","U","10,953"
"06/19/2006","W","5,107"
"06/20/2006","W","5,488"
"06/21/2006","W","5,633"
"06/22/2006","W","5,761"
"06/23/2006","W","6,109"
"06/24/2006","A","6,158"
"06/25/2006","U","8,698"
"06/26/2006","W","13,381"
"06/27/2006","W","13,279"
"06/28/2006","W","13,542"
"06/29/2006","W","14,587"
"06/30/2006","W","15,162"
"07/01/2006","A","14,218"
"07/02/2006","U","13,465"
"07/03/2006","W","5,962"
"07/04/2006","U","4,030"
"07/05/2006","W","5,426"
"07/06/2006","W","5,753"
"07/07/2006","W","6,744"
"07/08/2006","A","5,794"
"07/09/2006","U","4,282"
"07/10/2006","W","5,311"
"07/11/2006","W","5,165"
"07/12/2006","W","5,495"
"07/13/2006","W","5,632"
"07/14/2006","W","17,318"
"07/15/2006","A","16,139"
"07/16/2006","U","12,736"
"07/17/2006","W","5,936"
"07/18/2006","W","13,678"
"07/19/2006","W","13,645"
"07/20/2006","W","14,214"
"07/21/2006","W","6,757"
"07/22/2006","A","10,101"
"07/23/2006","U","4,303"
"07/24/2006","W","6,800"
"07/25/2006","W","5,493"
"07/26/2006","W","5,497"
"07/27/2006","W","13,870"
"07/28/2006","W","15,650"
"07/29/2006","A","14,136"
"07/30/2006","U","11,212"
"07/31/2006","W","12,202"
"08/01/2006","W","11,246"
"08/02/2006","W","11,770"
"08/03/2006","W","15,580"
"08/04/2006","W","15,973"
"08/05/2006","A","15,763"
"08/06/2006","U","14,010"
"08/07/2006","W","5,877"
"08/08/2006","W","5,603"
"08/09/2006","W","5,743"
"08/10/2006","W","5,756"
"08/11/2006","W","6,055"
"08/12/2006","A","5,162"
"08/13/2006","U","3,671"
"08/14/2006","W","5,129"
"08/15/2006","W","5,201"
"08/16/2006","W","5,211"
"08/17/2006","W","5,627"
"08/18/2006","W","14,952"
"08/19/2006","A","13,745"
"08/20/2006","U","11,478"
"08/21/2006","W","12,412"
"08/22/2006","W","12,237"
"08/23/2006","W","11,797"
"08/24/2006","W","12,954"
"08/25/2006","W","6,393"
"08/26/2006","A","4,764"
"08/27/2006","U","4,019"
"08/28/2006","W","4,936"
"08/29/2006","W","5,226"
"08/30/2006","W","5,624"
"08/31/2006","W","5,702"
"09/01/2006","W","11,952"
"09/02/2006","A","13,098"
"09/03/2006","U","9,627"
"09/04/2006","U","8,416"
"09/05/2006","W","9,836"
"09/06/2006","W","10,858"
"09/07/2006","W","10,871"
"09/08/2006","W","6,784"
"09/09/2006","A","5,428"
"09/10/2006","U","3,711"
"09/11/2006","W","5,524"
"09/12/2006","W","9,706"
"09/13/2006","W","10,511"
"09/14/2006","W","12,064"
"09/15/2006","W","13,623"
"09/16/2006","A","12,192"
"09/17/2006","U","10,567"
"09/18/2006","W","5,837"
"09/19/2006","W","5,795"
"09/20/2006","W","6,005"
"09/21/2006","W","5,956"
"09/22/2006","W","6,153"
"09/23/2006","A","4,601"
"09/24/2006","U","3,765"
"09/25/2006","W","5,766"
"09/26/2006","W","10,032"
"09/27/2006","W","10,259"
"09/28/2006","W","6,255"
"09/29/2006","W","11,436"
"09/30/2006","A","11,591"
"10/01/2006","U","10,038"
"10/02/2006","W","5,406"
"10/03/2006","W","5,713"
"10/04/2006","W","5,889"
"10/05/2006","W","5,985"
"10/06/2006","W","6,056"
"10/07/2006","A","4,820"
"10/08/2006","U","3,916"
"10/09/2006","W","5,338"
"10/10/2006","W","5,771"
"10/11/2006","W","5,694"
"10/12/2006","W","5,724"
"10/13/2006","W","6,754"
"10/14/2006","A","5,132"
"10/15/2006","U","3,764"
"10/16/2006","W","5,463"
"10/17/2006","W","5,865"
"10/18/2006","W","5,660"
"10/19/2006","W","5,960"
"10/20/2006","W","6,643"
"10/21/2006","A","5,442"
"10/22/2006","U","7,095"
"10/23/2006","W","5,547"
"10/24/2006","W","5,746"
"10/25/2006","W","5,847"
"10/26/2006","W","5,641"
"10/27/2006","W","6,471"
"10/28/2006","A","5,294"
"10/29/2006","U","4,645"
"10/30/2006","W","5,503"
"10/31/2006","W","6,149"
"11/01/2006","W","6,001"
"11/02/2006","W","5,668"
"11/03/2006","W","6,034"
"11/04/2006","A","4,793"
"11/05/2006","U","4,043"
"11/06/2006","W","5,452"
"11/07/2006","W","5,583"
"11/08/2006","W","5,716"
"11/09/2006","W","5,647"
"11/10/2006","W","5,725"
"11/11/2006","A","5,365"
"11/12/2006","U","3,903"
"11/13/2006","W","5,355"
"11/14/2006","W","5,546"
"11/15/2006","W","5,478"
"11/16/2006","W","5,915"
"11/17/2006","W","6,202"
"11/18/2006","A","4,937"
"11/19/2006","U","3,475"
"11/20/2006","W","5,425"
"11/21/2006","W","5,546"
"11/22/2006","W","4,853"
"11/23/2006","U","1,841"
"11/24/2006","W","3,019"
"11/25/2006","A","3,373"
"11/26/2006","U","2,614"
"11/27/2006","W","4,973"
"11/28/2006","W","5,551"
"11/29/2006","W","5,262"
"11/30/2006","W","5,472"
"12/01/2006","W","5,713"
"12/02/2006","A","3,979"
"12/03/2006","U","3,078"
"12/04/2006","W","5,255"
"12/05/2006","W","5,417"
"12/06/2006","W","5,375"
"12/07/2006","W","5,254"
"12/08/2006","W","5,697"
"12/09/2006","A","4,424"
"12/10/2006","U","3,032"
"12/11/2006","W","5,257"
"12/12/2006","W","5,344"
"12/13/2006","W","5,676"
"12/14/2006","W","5,565"
"12/15/2006","W","5,980"
"12/16/2006","A","4,455"
"12/17/2006","U","3,649"
"12/18/2006","W","5,166"
"12/19/2006","W","5,381"
"12/20/2006","W","5,061"
"12/21/2006","W","4,859"
"12/22/2006","W","4,512"
"12/23/2006","A","2,360"
"12/24/2006","U","1,359"
"12/25/2006","U","582"
"12/26/2006","W","2,292"
"12/27/2006","W","3,655"
"12/28/2006","W","4,113"
"12/29/2006","W","4,540"
"12/30/2006","A","4,155"
"12/31/2006","U","5,187"
"01/01/2007","U","4,049"
"01/02/2007","W","4,268"
"01/03/2007","W","4,804"
"01/04/2007","W","4,688"
"01/05/2007","W","5,166"
"01/06/2007","A","3,875"
"01/07/2007","U","2,744"
"01/08/2007","W","5,208"
"01/09/2007","W","5,409"
"01/10/2007","W","5,182"
"01/11/2007","W","5,251"
"01/12/2007","W","5,476"
"01/13/2007","A","4,010"
"01/14/2007","U","3,513"
"01/15/2007","W","3,655"
"01/16/2007","W","5,321"
"01/17/2007","W","5,250"
"01/18/2007","W","5,465"
"01/19/2007","W","5,595"
"01/20/2007","A","4,012"
"01/21/2007","U","3,449"
"01/22/2007","W","5,235"
"01/23/2007","W","5,540"
"01/24/2007","W","5,365"
"01/25/2007","W","5,729"
"01/26/2007","W","5,504"
"01/27/2007","A","4,466"
"01/28/2007","U","2,819"
"01/29/2007","W","5,080"
"01/30/2007","W","5,302"
"01/31/2007","W","5,276"
"02/01/2007","W","5,498"
"02/02/2007","W","5,507"
"02/03/2007","A","2,906"
"02/04/2007","U","3,069"
"02/05/2007","W","4,289"
"02/06/2007","W","4,850"
"02/07/2007","W","5,056"
"02/08/2007","W","5,023"
"02/09/2007","W","5,127"
"02/10/2007","A","3,359"
"02/11/2007","U","2,469"
"02/12/2007","W","4,620"
"02/13/2007","W","5,315"
"02/14/2007","W","5,623"
"02/15/2007","W","5,362"
"02/16/2007","W","5,432"
"02/17/2007","A","3,998"
"02/18/2007","U","3,156"
"02/19/2007","W","4,159"
"02/20/2007","W","5,450"
"02/21/2007","W","6,022"
"02/22/2007","W","6,136"
"02/23/2007","W","6,157"
"02/24/2007","A","4,041"
"02/25/2007","U","2,612"
"02/26/2007","W","5,108"
"02/27/2007","W","5,353"
"02/28/2007","W","5,451"
"03/01/2007","W","5,452"
"03/02/2007","W","5,630"
"03/03/2007","A","3,810"
"03/04/2007","U","2,891"
"03/05/2007","W","4,634"
"03/06/2007","W","5,400"
"03/07/2007","W","5,284"
"03/08/2007","W","5,653"
"03/09/2007","W","5,817"
"03/10/2007","A","4,842"
"03/11/2007","U","3,570"
"03/12/2007","W","5,546"
"03/13/2007","W","5,899"
"03/14/2007","W","5,926"
"03/15/2007","W","6,182"
"03/16/2007","W","6,785"
"03/17/2007","A","8,934"
"03/18/2007","U","4,492"
"03/19/2007","W","5,463"
"03/20/2007","W","5,500"
"03/21/2007","W","5,318"
"03/22/2007","W","5,841"
"03/23/2007","W","5,582"
"03/24/2007","A","4,337"
"03/25/2007","U","3,975"
"03/26/2007","W","5,548"
"03/27/2007","W","5,538"
"03/28/2007","W","5,811"
"03/29/2007","W","5,658"
"03/30/2007","W","6,048"
"03/31/2007","A","4,744"
"04/01/2007","U","3,031"
"04/02/2007","W","5,178"
"04/03/2007","W","5,344"
"04/04/2007","W","5,415"
"04/05/2007","W","5,877"
"04/06/2007","W","5,301"
"04/07/2007","A","3,501"
"04/08/2007","U","2,256"
"04/09/2007","W","12,084"
"04/10/2007","W","11,750"
"04/11/2007","W","6,305"
"04/12/2007","W","6,009"
"04/13/2007","W","11,935"
"04/14/2007","A","10,258"
"04/15/2007","U","9,499"
"04/16/2007","W","10,560"
"04/17/2007","W","10,781"
"04/18/2007","W","5,786"
"04/19/2007","W","6,015"
"04/20/2007","W","13,062"
"04/21/2007","A","11,658"
"04/22/2007","U","9,794"
"04/23/2007","W","10,709"
"04/24/2007","W","11,664"
"04/25/2007","W","10,649"
"04/26/2007","W","5,961"
"04/27/2007","W","6,353"
"04/28/2007","A","4,608"
"04/29/2007","U","3,496"
"04/30/2007","W","5,492"
"05/01/2007","W","5,862"
"05/02/2007","W","5,910"
"05/03/2007","W","6,319"
"05/04/2007","W","13,267"
"05/05/2007","A","12,373"
"05/06/2007","U","10,710"
"05/07/2007","W","6,067"
"05/08/2007","W","12,658"
"05/09/2007","W","12,826"
"05/10/2007","W","13,253"
"05/11/2007","W","7,230"
"05/12/2007","A","4,256"
"05/13/2007","U","2,813"
"05/14/2007","W","5,545"
"05/15/2007","W","5,809"
"05/16/2007","W","5,939"
"05/17/2007","W","6,521"
"05/18/2007","W","14,329"
"05/19/2007","A","11,078"
"05/20/2007","U","10,256"
"05/21/2007","W","6,052"
"05/22/2007","W","5,960"
"05/23/2007","W","6,310"
"05/24/2007","W","6,211"
"05/25/2007","W","6,716"
"05/26/2007","A","4,514"
"05/27/2007","U","4,716"
"05/28/2007","U","11,725"
"05/29/2007","W","13,012"
"05/30/2007","W","13,215"
"05/31/2007","W","6,411"
"06/01/2007","W","14,333"
"06/02/2007","A","11,224"
"06/03/2007","U","10,093"
"06/04/2007","W","5,875"
"06/05/2007","W","6,434"
"06/06/2007","W","6,161"
"06/07/2007","W","6,559"
"06/08/2007","W","7,497"
"06/09/2007","A","5,859"
"06/10/2007","U","4,717"
"06/11/2007","W","12,632"
"06/12/2007","W","14,242"
"06/13/2007","W","13,192"
"06/14/2007","W","15,094"
"06/15/2007","W","15,478"
"06/16/2007","A","11,733"
"06/17/2007","U","10,558"
"06/18/2007","W","5,674"
"06/19/2007","W","6,055"
"06/20/2007","W","6,092"
"06/21/2007","W","6,221"
"06/22/2007","W","6,721"
"06/23/2007","A","5,914"
"06/24/2007","U","10,563"
"06/25/2007","W","14,068"
"06/26/2007","W","13,596"
"06/27/2007","W","14,042"
"06/28/2007","W","6,210"
"06/29/2007","W","16,198"
"06/30/2007","A","14,436"
"07/01/2007","U","13,301"
"07/02/2007","W","5,999"
"07/03/2007","W","7,526"
"07/04/2007","U","4,479"
"07/05/2007","W","11,938"
"07/06/2007","W","13,385"
"07/07/2007","A","6,273"
"07/08/2007","U","3,825"
"07/09/2007","W","5,658"
"07/10/2007","W","5,975"
"07/11/2007","W","6,360"
"07/12/2007","W","6,492"
"07/13/2007","W","16,908"
"07/14/2007","A","14,792"
"07/15/2007","U","11,636"
"07/16/2007","W","12,098"
"07/17/2007","W","13,326"
"07/18/2007","W","15,308"
"07/19/2007","W","14,846"
"07/20/2007","W","16,331"
"07/21/2007","A","14,200"
"07/22/2007","U","11,833"
"07/23/2007","W","5,946"
"07/24/2007","W","6,171"
"07/25/2007","W","6,465"
"07/26/2007","W","6,910"
"07/27/2007","W","6,781"
"07/28/2007","A","5,982"
"07/29/2007","U","4,612"
"07/30/2007","W","14,374"
"07/31/2007","W","13,696"
"08/01/2007","W","13,353"
"08/02/2007","W","16,335"
"08/03/2007","W","17,237"
"08/04/2007","A","15,893"
"08/05/2007","U","13,132"
"08/06/2007","W","6,320"
"08/07/2007","W","5,944"
"08/08/2007","W","5,956"
"08/09/2007","W","6,686"
"08/10/2007","W","6,356"
"08/11/2007","A","7,561"
"08/12/2007","U","6,218"
"08/13/2007","W","5,744"
"08/14/2007","W","12,750"
"08/15/2007","W","11,527"
"08/16/2007","W","16,329"
"08/17/2007","W","15,076"
"08/18/2007","A","14,205"
"08/19/2007","U","9,418"
"08/20/2007","W","13,906"
"08/21/2007","W","5,894"
"08/22/2007","W","5,817"
"08/23/2007","W","5,638"
"08/24/2007","W","6,320"
"08/25/2007","A","5,867"
"08/26/2007","U","4,243"
"08/27/2007","W","6,043"
"08/28/2007","W","12,219"
"08/29/2007","W","13,153"
"08/30/2007","W","13,077"
"08/31/2007","W","17,191"
"09/01/2007","A","12,829"
"09/02/2007","U","13,893"
"09/03/2007","U","10,952"
"09/04/2007","W","11,688"
"09/05/2007","W","13,020"
"09/06/2007","W","13,659"
"09/07/2007","W","7,081"
"09/08/2007","A","5,983"
"09/09/2007","U","4,704"
"09/10/2007","W","13,013"
"09/11/2007","W","6,636"
"09/12/2007","W","6,931"
"09/13/2007","W","7,048"
"09/14/2007","W","7,272"
"09/15/2007","A","5,849"
"09/16/2007","U","4,005"
"09/17/2007","W","12,659"
"09/18/2007","W","12,748"
"09/19/2007","W","12,167"
"09/20/2007","W","7,422"
"09/21/2007","W","16,197"
"09/22/2007","A","13,386"
"09/23/2007","U","11,017"
"09/24/2007","W","6,234"
"09/25/2007","W","6,699"
"09/26/2007","W","6,303"
"09/27/2007","W","6,504"
"09/28/2007","W","7,613"
"09/29/2007","A","6,043"
"09/30/2007","U","3,853"
"10/01/2007","W","6,155"
"10/02/2007","W","6,443"
"10/03/2007","W","6,908"
"10/04/2007","W","6,862"
"10/05/2007","W","7,171"
"10/06/2007","A","16,258"
"10/07/2007","U","8,438"
"10/08/2007","W","5,697"
"10/09/2007","W","6,482"
"10/10/2007","W","6,348"
"10/11/2007","W","6,757"
"10/12/2007","W","7,268"
"10/13/2007","A","4,934"
"10/14/2007","U","3,683"
"10/15/2007","W","6,275"
"10/16/2007","W","6,542"
"10/17/2007","W","6,601"
"10/18/2007","W","6,722"
"10/19/2007","W","6,742"
"10/20/2007","A","5,180"
"10/21/2007","U","3,750"
"10/22/2007","W","6,318"
"10/23/2007","W","6,304"
"10/24/2007","W","6,235"
"10/25/2007","W","6,528"
"10/26/2007","W","6,716"
"10/27/2007","A","5,153"
"10/28/2007","U","4,380"
"10/29/2007","W","6,014"
"10/30/2007","W","6,338"
"10/31/2007","W","6,695"
"11/01/2007","W","6,613"
"11/02/2007","W","6,235"
"11/03/2007","A","4,902"
"11/04/2007","U","3,435"
"11/05/2007","W","6,062"
"11/06/2007","W","6,244"
"11/07/2007","W","6,136"
"11/08/2007","W","6,493"
"11/09/2007","W","6,912"
"11/10/2007","A","4,802"
"11/11/2007","U","3,454"
"11/12/2007","W","5,638"
"11/13/2007","W","6,062"
"11/14/2007","W","6,179"
"11/15/2007","W","6,417"
"11/16/2007","W","6,537"
"11/17/2007","A","4,789"
"11/18/2007","U","3,271"
"11/19/2007","W","5,849"
"11/20/2007","W","5,894"
"11/21/2007","W","5,012"
"11/22/2007","U","1,436"
"11/23/2007","W","2,833"
"11/24/2007","A","3,051"
"11/25/2007","U","2,339"
"11/26/2007","W","5,429"
"11/27/2007","W","5,803"
"11/28/2007","W","5,782"
"11/29/2007","W","6,104"
"11/30/2007","W","6,184"
"12/01/2007","A","4,025"
"12/02/2007","U","2,919"
"12/03/2007","W","5,549"
"12/04/2007","W","5,675"
"12/05/2007","W","5,860"
"12/06/2007","W","5,905"
"12/07/2007","W","5,939"
"12/08/2007","A","4,216"
"12/09/2007","U","2,916"
"12/10/2007","W","5,367"
"12/11/2007","W","5,731"
"12/12/2007","W","5,632"
"12/13/2007","W","5,854"
"12/14/2007","W","5,983"
"12/15/2007","A","3,990"
"12/16/2007","U","2,941"
"12/17/2007","W","5,265"
"12/18/2007","W","5,388"
"12/19/2007","W","5,419"
"12/20/2007","W","5,430"
"12/21/2007","W","5,001"
"12/22/2007","A","3,020"
"12/23/2007","U","1,932"
"12/24/2007","W","1,580"
"12/25/2007","U","613"
"12/26/2007","W","2,613"
"12/27/2007","W","3,750"
"12/28/2007","W","4,007"
"12/29/2007","A","3,505"
"12/30/2007","U","3,421"
"12/31/2007","W","4,442"
"01/01/2008","U","1,958"
"01/02/2008","W","4,480"
"01/03/2008","W","5,048"
"01/04/2008","W","5,227"
"01/05/2008","A","3,597"
"01/06/2008","U","2,859"
"01/07/2008","W","5,620"
"01/08/2008","W","5,586"
"01/09/2008","W","5,772"
"01/10/2008","W","5,975"
"01/11/2008","W","5,910"
"01/12/2008","A","4,031"
"01/13/2008","U","2,920"
"01/14/2008","W","5,477"
"01/15/2008","W","5,700"
"01/16/2008","W","5,782"
"01/17/2008","W","5,732"
"01/18/2008","W","5,568"
"01/19/2008","A","2,749"
"01/20/2008","U","2,252"
"01/21/2008","W","3,837"
"01/22/2008","W","5,614"
"01/23/2008","W","5,729"
"01/24/2008","W","5,525"
"01/25/2008","W","5,336"
"01/26/2008","A","3,954"
"01/27/2008","U","3,085"
"01/28/2008","W","5,670"
"01/29/2008","W","5,778"
"01/30/2008","W","5,488"
"01/31/2008","W","5,818"
"02/01/2008","W","6,354"
"02/02/2008","A","4,284"
"02/03/2008","U","3,520"
"02/04/2008","W","5,645"
"02/05/2008","W","6,106"
"02/06/2008","W","5,873"
"02/07/2008","W","6,294"
"02/08/2008","W","6,353"
"02/09/2008","A","4,326"
"02/10/2008","U","2,562"
"02/11/2008","W","5,215"
"02/12/2008","W","5,547"
"02/13/2008","W","5,935"
"02/14/2008","W","6,173"
"02/15/2008","W","6,092"
"02/16/2008","A","4,461"
"02/17/2008","U","3,283"
"02/18/2008","W","4,504"
"02/19/2008","W","5,556"
"02/20/2008","W","6,076"
"02/21/2008","W","6,647"
"02/22/2008","W","6,490"
"02/23/2008","A","4,499"
"02/24/2008","U","3,079"
"02/25/2008","W","5,580"
"02/26/2008","W","5,928"
"02/27/2008","W","6,037"
"02/28/2008","W","6,246"
"02/29/2008","W","6,178"
"03/01/2008","A","4,055"
"03/02/2008","U","3,056"
"03/03/2008","W","5,366"
"03/04/2008","W","5,878"
"03/05/2008","W","6,148"
"03/06/2008","W","6,212"
"03/07/2008","W","6,205"
"03/08/2008","A","3,996"
"03/09/2008","U","2,977"
"03/10/2008","W","5,819"
"03/11/2008","W","6,457"
"03/12/2008","W","6,305"
"03/13/2008","W","6,507"
"03/14/2008","W","6,975"
"03/15/2008","A","8,062"
"03/16/2008","U","4,412"
"03/17/2008","W","6,158"
"03/18/2008","W","6,100"
"03/19/2008","W","6,172"
"03/20/2008","W","6,265"
"03/21/2008","W","5,461"
"03/22/2008","A","3,777"
"03/23/2008","U","2,276"
"03/24/2008","W","5,451"
"03/25/2008","W","6,130"
"03/26/2008","W","6,106"
"03/27/2008","W","5,930"
"03/28/2008","W","6,591"
"03/29/2008","A","4,482"
"03/30/2008","U","3,444"
"03/31/2008","W","13,013"
"04/01/2008","W","5,740"
"04/02/2008","W","12,570"
"04/03/2008","W","12,091"
"04/04/2008","W","12,008"
"04/05/2008","A","11,487"
"04/06/2008","U","10,373"
"04/07/2008","W","5,502"
"04/08/2008","W","5,432"
"04/09/2008","W","5,825"
"04/10/2008","W","5,279"
"04/11/2008","W","6,037"
"04/12/2008","A","4,271"
"04/13/2008","U","3,263"
"04/14/2008","W","5,402"
"04/15/2008","W","12,039"
"04/16/2008","W","12,324"
"04/17/2008","W","12,724"
"04/18/2008","W","12,381"
"04/19/2008","A","11,737"
"04/20/2008","U","11,365"
"04/21/2008","W","11,843"
"04/22/2008","W","13,058"
"04/23/2008","W","5,557"
"04/24/2008","W","5,791"
"04/25/2008","W","6,021"
"04/26/2008","A","4,139"
"04/27/2008","U","3,078"
"04/28/2008","W","5,017"
"04/29/2008","W","11,622"
"04/30/2008","W","12,399"
"05/01/2008","W","12,807"
"05/02/2008","W","5,798"
"05/03/2008","A","4,499"
"05/04/2008","U","3,732"
"05/05/2008","W","5,557"
"05/06/2008","W","5,702"
"05/07/2008","W","5,615"
"05/08/2008","W","5,767"
"05/09/2008","W","13,807"
"05/10/2008","A","11,299"
"05/11/2008","U","6,775"
"05/12/2008","W","12,534"
"05/13/2008","W","12,906"
"05/14/2008","W","12,594"
"05/15/2008","W","14,002"
"05/16/2008","W","14,436"
"05/17/2008","A","11,438"
"05/18/2008","U","9,912"
"05/19/2008","W","5,310"
"05/20/2008","W","5,289"
"05/21/2008","W","5,595"
"05/22/2008","W","5,789"
"05/23/2008","W","6,134"
"05/24/2008","A","5,197"
"05/25/2008","U","4,864"
"05/26/2008","U","11,965"
"05/27/2008","W","12,435"
"05/28/2008","W","11,888"
"05/29/2008","W","12,538"
"05/30/2008","W","13,336"
"05/31/2008","A","11,072"
"06/01/2008","U","10,374"
"06/02/2008","W","5,348"
"06/03/2008","W","5,528"
"06/04/2008","W","5,593"
"06/05/2008","W","5,752"
"06/06/2008","W","6,426"
"06/07/2008","A","4,819"
"06/08/2008","U","4,035"
"06/09/2008","W","5,671"
"06/10/2008","W","12,746"
"06/11/2008","W","13,896"
"06/12/2008","W","16,327"
"06/13/2008","W","6,106"
"06/14/2008","A","5,094"
"06/15/2008","U","3,989"
"06/16/2008","W","5,312"
"06/17/2008","W","5,657"
"06/18/2008","W","5,710"
"06/19/2008","W","5,831"
"06/20/2008","W","15,821"
"06/21/2008","A","15,964"
"06/22/2008","U","8,690"
"06/23/2008","W","5,986"
"06/24/2008","W","12,843"
"06/25/2008","W","13,698"
"06/26/2008","W","16,562"
"06/27/2008","W","6,468"
"06/28/2008","A","7,679"
"06/29/2008","U","12,852"
"06/30/2008","W","5,873"
"07/01/2008","W","5,643"
"07/02/2008","W","5,748"
"07/03/2008","W","7,026"
"07/04/2008","U","4,742"
"07/05/2008","A","6,194"
"07/06/2008","U","4,370"
"07/07/2008","W","5,215"
"07/08/2008","W","13,633"
"07/09/2008","W","14,278"
"07/10/2008","W","15,796"
"07/11/2008","W","16,165"
"07/12/2008","A","13,370"
"07/13/2008","U","12,064"
"07/14/2008","W","5,350"
"07/15/2008","W","5,523"
"07/16/2008","W","5,595"
"07/17/2008","W","5,814"
"07/18/2008","W","6,553"
"07/19/2008","A","4,944"
"07/20/2008","U","4,310"
"07/21/2008","W","5,543"
"07/22/2008","W","5,597"
"07/23/2008","W","6,023"
"07/24/2008","W","14,919"
"07/25/2008","W","17,040"
"07/26/2008","A","14,613"
"07/27/2008","U","11,682"
"07/28/2008","W","5,378"
"07/29/2008","W","10,151"
"07/30/2008","W","5,644"
"07/31/2008","W","6,123"
"08/01/2008","W","18,167"
"08/02/2008","A","15,407"
"08/03/2008","U","13,855"
"08/04/2008","W","15,426"
"08/05/2008","W","14,901"
"08/06/2008","W","15,067"
"08/07/2008","W","6,462"
"08/08/2008","W","17,879"
"08/09/2008","A","17,236"
"08/10/2008","U","12,938"
"08/11/2008","W","6,023"
"08/12/2008","W","5,533"
"08/13/2008","W","5,200"
"08/14/2008","W","5,585"
"08/15/2008","W","6,175"
"08/16/2008","A","5,565"
"08/17/2008","U","4,821"
"08/18/2008","W","5,166"
"08/19/2008","W","12,723"
"08/20/2008","W","12,608"
"08/21/2008","W","14,792"
"08/22/2008","W","15,680"
"08/23/2008","A","12,505"
"08/24/2008","U","10,633"
"08/25/2008","W","5,113"
"08/26/2008","W","5,367"
"08/27/2008","W","5,333"
"08/28/2008","W","11,919"
"08/29/2008","W","15,420"
"08/30/2008","A","12,534"
"08/31/2008","U","12,272"
"09/01/2008","U","10,599"
"09/02/2008","W","11,921"
"09/03/2008","W","12,692"
"09/04/2008","W","5,634"
"09/05/2008","W","6,313"
"09/06/2008","A","5,512"
"09/07/2008","U","4,412"
"09/08/2008","W","5,269"
"09/09/2008","W","5,892"
"09/10/2008","W","5,866"
"09/11/2008","W","6,196"
"09/12/2008","W","6,640"
"09/13/2008","A","4,684"
"09/14/2008","U","3,658"
"09/15/2008","W","5,726"
"09/16/2008","W","12,297"
"09/17/2008","W","13,356"
"09/18/2008","W","14,671"
"09/19/2008","W","15,711"
"09/20/2008","A","16,565"
"09/21/2008","U","12,375"
"09/22/2008","W","5,849"
"09/23/2008","W","5,901"
"09/24/2008","W","6,076"
"09/25/2008","W","6,560"
"09/26/2008","W","6,430"
"09/27/2008","A","6,709"
"09/28/2008","U","4,884"
"09/29/2008","W","5,703"
"09/30/2008","W","5,968"
"10/01/2008","W","14,478"
"10/02/2008","W","12,811"
"10/03/2008","W","9,121"
"10/04/2008","A","5,449"
"10/05/2008","U","4,299"
"10/06/2008","W","5,726"
"10/07/2008","W","5,592"
"10/08/2008","W","5,739"
"10/09/2008","W","6,426"
"10/10/2008","W","6,789"
"10/11/2008","A","6,560"
"10/12/2008","U","8,985"
"10/13/2008","W","5,491"
"10/14/2008","W","5,899"
"10/15/2008","W","5,860"
"10/16/2008","W","6,231"
"10/17/2008","W","6,552"
"10/18/2008","A","6,120"
"10/19/2008","U","4,325"
"10/20/2008","W","5,471"
"10/21/2008","W","5,751"
"10/22/2008","W","5,831"
"10/23/2008","W","6,023"
"10/24/2008","W","5,919"
"10/25/2008","A","5,484"
"10/26/2008","U","3,798"
"10/27/2008","W","5,573"
"10/28/2008","W","5,706"
"10/29/2008","W","5,811"
"10/30/2008","W","6,191"
"10/31/2008","W","7,977"
"11/01/2008","A","7,892"
"11/02/2008","U","4,159"
"11/03/2008","W","5,714"
"11/04/2008","W","7,049"
"11/05/2008","W","5,728"
"11/06/2008","W","6,035"
"11/07/2008","W","6,007"
"11/08/2008","A","5,847"
"11/09/2008","U","4,052"
"11/10/2008","W","5,330"
"11/11/2008","W","5,250"
"11/12/2008","W","5,570"
"11/13/2008","W","5,759"
"11/14/2008","W","6,347"
"11/15/2008","A","5,777"
"11/16/2008","U","4,015"
"11/17/2008","W","5,232"
"11/18/2008","W","5,633"
"11/19/2008","W","5,569"
"11/20/2008","W","5,606"
"11/21/2008","W","6,001"
"11/22/2008","A","5,786"
"11/23/2008","U","3,841"
"11/24/2008","W","5,241"
"11/25/2008","W","5,549"
"11/26/2008","W","4,811"
"11/27/2008","U","1,810"
"11/28/2008","W","2,848"
"11/29/2008","A","3,115"
"11/30/2008","U","2,380"
"12/01/2008","W","4,869"
"12/02/2008","W","5,218"
"12/03/2008","W","5,492"
"12/04/2008","W","5,604"
"12/05/2008","W","5,514"
"12/06/2008","A","4,314"
"12/07/2008","U","3,176"
"12/08/2008","W","5,080"
"12/09/2008","W","5,093"
"12/10/2008","W","5,375"
"12/11/2008","W","5,593"
"12/12/2008","W","5,452"
"12/13/2008","A","4,717"
"12/14/2008","U","3,487"
"12/15/2008","W","4,687"
"12/16/2008","W","5,019"
"12/17/2008","W","5,341"
"12/18/2008","W","5,306"
"12/19/2008","W","5,648"
"12/20/2008","A","3,847"
"12/21/2008","U","2,090"
"12/22/2008","W","3,785"
"12/23/2008","W","3,490"
"12/24/2008","W","2,087"
"12/25/2008","U","569"
"12/26/2008","W","2,163"
"12/27/2008","A","2,327"
"12/28/2008","U","2,370"
"12/29/2008","W","3,949"
"12/30/2008","W","4,548"
"12/31/2008","W","5,561"
"01/01/2009","U","13,672"
"01/02/2009","W","4,542"
"01/03/2009","A","3,694"
"01/04/2009","U","2,854"
"01/05/2009","W","5,062"
"01/06/2009","W","5,141"
"01/07/2009","W","5,204"
"01/08/2009","W","5,200"
"01/09/2009","W","5,723"
"01/10/2009","A","3,947"
"01/11/2009","U","3,217"
"01/12/2009","W","5,303"
"01/13/2009","W","5,263"
"01/14/2009","W","5,189"
"01/15/2009","W","4,599"
"01/16/2009","W","4,980"
"01/17/2009","A","3,809"
"01/18/2009","U","3,485"
"01/19/2009","W","3,891"
"01/20/2009","W","5,181"
"01/21/2009","W","5,369"
"01/22/2009","W","5,889"
"01/23/2009","W","5,583"
"01/24/2009","A","4,274"
"01/25/2009","U","3,161"
"01/26/2009","W","5,217"
"01/27/2009","W","5,436"
"01/28/2009","W","5,529"
"01/29/2009","W","5,473"
"01/30/2009","W","5,733"
"01/31/2009","A","4,651"
"02/01/2009","U","3,716"
"02/02/2009","W","5,165"
"02/03/2009","W","5,239"
"02/04/2009","W","5,540"
"02/05/2009","W","5,577"
"02/06/2009","W","5,822"
"02/07/2009","A","6,660"
"02/08/2009","U","3,468"
"02/09/2009","W","5,446"
"02/10/2009","W","5,734"
"02/11/2009","W","5,555"
"02/12/2009","W","5,608"
"02/13/2009","W","6,121"
"02/14/2009","A","5,083"
"02/15/2009","U","3,723"
"02/16/2009","W","4,559"
"02/17/2009","W","5,645"
"02/18/2009","W","6,011"
"02/19/2009","W","6,392"
"02/20/2009","W","6,251"
"02/21/2009","A","4,674"
"02/22/2009","U","3,323"
"02/23/2009","W","5,525"
"02/24/2009","W","6,045"
"02/25/2009","W","5,822"
"02/26/2009","W","5,420"
"02/27/2009","W","5,764"
"02/28/2009","A","4,687"
"03/01/2009","U","3,135"
"03/02/2009","W","4,974"
"03/03/2009","W","5,540"
"03/04/2009","W","5,781"
"03/05/2009","W","5,916"
"03/06/2009","W","6,169"
"03/07/2009","A","4,481"
"03/08/2009","U","2,961"
"03/09/2009","W","5,580"
"03/10/2009","W","5,682"
"03/11/2009","W","5,927"
"03/12/2009","W","5,848"
"03/13/2009","W","6,763"
"03/14/2009","A","9,600"
"03/15/2009","U","5,338"
"03/16/2009","W","6,105"
"03/17/2009","W","7,036"
"03/18/2009","W","6,402"
"03/19/2009","W","6,406"
"03/20/2009","W","6,409"
"03/21/2009","A","5,257"
"03/22/2009","U","3,837"
"03/23/2009","W","5,225"
"03/24/2009","W","5,531"
"03/25/2009","W","5,545"
"03/26/2009","W","5,653"
"03/27/2009","W","5,887"
"03/28/2009","A","4,582"
"03/29/2009","U","3,207"
"03/30/2009","W","5,605"
"03/31/2009","W","5,511"
"04/01/2009","W","5,915"
"04/02/2009","W","5,967"
"04/03/2009","W","6,395"
"04/04/2009","A","5,840"
"04/05/2009","U","3,585"
"04/06/2009","W","5,554"
"04/07/2009","W","5,892"
"04/08/2009","W","6,313"
"04/09/2009","W","6,076"
"04/10/2009","W","5,687"
"04/11/2009","A","4,990"
"04/12/2009","U","2,984"
"04/13/2009","W","13,184"
"04/14/2009","W","5,896"
"04/15/2009","W","13,247"
"04/16/2009","W","13,563"
"04/17/2009","W","15,140"
"04/18/2009","A","15,101"
"04/19/2009","U","5,971"
"04/20/2009","W","5,959"
"04/21/2009","W","11,568"
"04/22/2009","W","12,890"
"04/23/2009","W","13,707"
"04/24/2009","W","6,801"
"04/25/2009","A","5,735"
"04/26/2009","U","3,501"
"04/27/2009","W","5,571"
"04/28/2009","W","5,736"
"04/29/2009","W","5,896"
"04/30/2009","W","11,207"
"05/01/2009","W","13,436"
"05/02/2009","A","13,206"
"05/03/2009","U","12,117"
"05/04/2009","W","12,260"
"05/05/2009","W","13,381"
"05/06/2009","W","5,849"
"05/07/2009","W","6,342"
"05/08/2009","W","6,700"
"05/09/2009","A","5,519"
"05/10/2009","U","3,958"
"05/11/2009","W","5,484"
"05/12/2009","W","12,844"
"05/13/2009","W","11,264"
"05/14/2009","W","14,360"
"05/15/2009","W","12,442"
"05/16/2009","A","13,377"
"05/17/2009","U","12,166"
"05/18/2009","W","5,417"
"05/19/2009","W","5,739"
"05/20/2009","W","5,892"
"05/21/2009","W","6,114"
"05/22/2009","W","6,486"
"05/23/2009","A","5,862"
"05/24/2009","U","5,476"
"05/25/2009","U","9,704"
"05/26/2009","W","12,713"
"05/27/2009","W","13,409"
"05/28/2009","W","12,795"
"05/29/2009","W","15,506"
"05/30/2009","A","14,165"
"05/31/2009","U","12,036"
"06/01/2009","W","6,075"
"06/02/2009","W","5,723"
"06/03/2009","W","6,109"
"06/04/2009","W","6,189"
"06/05/2009","W","6,969"
"06/06/2009","A","6,184"
"06/07/2009","U","4,527"
"06/08/2009","W","5,928"
"06/09/2009","W","5,982"
"06/10/2009","W","6,215"
"06/11/2009","W","6,166"
"06/12/2009","W","18,690"
"06/13/2009","A","16,266"
"06/14/2009","U","13,820"
"06/15/2009","W","6,292"
"06/16/2009","W","11,439"
"06/17/2009","W","15,027"
"06/18/2009","W","14,777"
"06/19/2009","W","13,721"
"06/20/2009","A","16,095"
"06/21/2009","U","12,200"
"06/22/2009","W","5,682"
"06/23/2009","W","6,024"
"06/24/2009","W","5,848"
"06/25/2009","W","6,160"
"06/26/2009","W","7,274"
"06/27/2009","A","8,671"
"06/28/2009","U","15,792"
"06/29/2009","W","6,270"
"06/30/2009","W","6,197"
"07/01/2009","W","6,014"
"07/02/2009","W","14,384"
"07/03/2009","U","16,758"
"07/04/2009","A","14,881"
"07/05/2009","U","12,777"
"07/06/2009","W","13,836"
"07/07/2009","W","13,603"
"07/08/2009","W","15,323"
"07/09/2009","W","6,523"
"07/10/2009","W","16,446"
"07/11/2009","A","16,278"
"07/12/2009","U","18,779"
"07/13/2009","W","6,349"
"07/14/2009","W","6,189"
"07/15/2009","W","5,882"
"07/16/2009","W","12,368"
"07/17/2009","W","7,790"
"07/18/2009","A","11,676"
"07/19/2009","U","6,064"
"07/20/2009","W","5,925"
"07/21/2009","W","12,763"
"07/22/2009","W","6,715"
"07/23/2009","W","6,509"
"07/24/2009","W","17,533"
"07/25/2009","A","16,556"
"07/26/2009","U","13,137"
"07/27/2009","W","14,807"
"07/28/2009","W","15,030"
"07/29/2009","W","15,625"
"07/30/2009","W","14,856"
"07/31/2009","W","6,917"
"08/01/2009","A","9,061"
"08/02/2009","U","7,793"
"08/03/2009","W","5,865"
"08/04/2009","W","5,843"
"08/05/2009","W","6,011"
"08/06/2009","W","6,512"
"08/07/2009","W","7,550"
"08/08/2009","A","7,618"
"08/09/2009","U","8,845"
"08/10/2009","W","6,189"
"08/11/2009","W","14,530"
"08/12/2009","W","14,833"
"08/13/2009","W","16,562"
"08/14/2009","W","16,257"
"08/15/2009","A","15,779"
"08/16/2009","U","13,817"
"08/17/2009","W","5,414"
"08/18/2009","W","5,697"
"08/19/2009","W","5,424"
"08/20/2009","W","5,803"
"08/21/2009","W","6,223"
"08/22/2009","A","6,521"
"08/23/2009","U","4,781"
"08/24/2009","W","5,677"
"08/25/2009","W","13,058"
"08/26/2009","W","11,020"
"08/27/2009","W","11,801"
"08/28/2009","W","13,990"
"08/29/2009","A","14,576"
"08/30/2009","U","11,457"
"08/31/2009","W","11,752"
"09/01/2009","W","11,615"
"09/02/2009","W","11,988"
"09/03/2009","W","14,041"
"09/04/2009","W","6,597"
"09/05/2009","A","6,408"
"09/06/2009","U","5,548"
"09/07/2009","U","3,701"
"09/08/2009","W","6,452"
"09/09/2009","W","6,440"
"09/10/2009","W","6,998"
"09/11/2009","W","16,011"
"09/12/2009","A","14,499"
"09/13/2009","U","13,212"
"09/14/2009","W","11,913"
"09/15/2009","W","12,533"
"09/16/2009","W","12,871"
"09/17/2009","W","14,355"
"09/18/2009","W","7,085"
"09/19/2009","A","6,888"
"09/20/2009","U","4,875"
"09/21/2009","W","6,035"
"09/22/2009","W","6,256"
"09/23/2009","W","6,581"
"09/24/2009","W","6,658"
"09/25/2009","W","7,465"
"09/26/2009","A","6,917"
"09/27/2009","U","5,403"
"09/28/2009","W","5,996"
"09/29/2009","W","11,049"
"09/30/2009","W","13,979"
"10/01/2009","W","9,827"
"10/02/2009","W","12,348"
"10/03/2009","A","11,675"
"10/04/2009","U","9,794"
"10/05/2009","W","5,948"
"10/06/2009","W","6,186"
"10/07/2009","W","6,428"
"10/08/2009","W","6,489"
"10/09/2009","W","6,907"
"10/10/2009","A","6,536"
"10/11/2009","U","8,520"
"10/12/2009","W","5,753"
"10/13/2009","W","6,303"
"10/14/2009","W","6,319"
"10/15/2009","W","6,345"
"10/16/2009","W","7,107"
"10/17/2009","A","6,176"
"10/18/2009","U","4,547"
"10/19/2009","W","6,174"
"10/20/2009","W","6,480"
"10/21/2009","W","6,436"
"10/22/2009","W","6,338"
"10/23/2009","W","6,450"
"10/24/2009","A","6,147"
"10/25/2009","U","4,496"
"10/26/2009","W","5,781"
"10/27/2009","W","6,155"
"10/28/2009","W","6,281"
"10/29/2009","W","6,466"
"10/30/2009","W","6,546"
"10/31/2009","A","7,181"
"11/01/2009","U","6,970"
"11/02/2009","W","5,776"
"11/03/2009","W","6,155"
"11/04/2009","W","6,095"
"11/05/2009","W","6,663"
"11/06/2009","W","6,766"
"11/07/2009","A","6,064"
"11/08/2009","U","4,529"
"11/09/2009","W","5,794"
"11/10/2009","W","6,095"
"11/11/2009","W","5,858"
"11/12/2009","W","6,531"
"11/13/2009","W","6,672"
"11/14/2009","A","5,794"
"11/15/2009","U","4,679"
"11/16/2009","W","5,897"
"11/17/2009","W","5,940"
"11/18/2009","W","5,892"
"11/19/2009","W","6,219"
"11/20/2009","W","6,839"
"11/21/2009","A","6,724"
"11/22/2009","U","4,962"
"11/23/2009","W","5,793"
"11/24/2009","W","5,838"
"11/25/2009","W","4,940"
"11/26/2009","U","1,888"
"11/27/2009","W","3,153"
"11/28/2009","A","3,589"
"11/29/2009","U","2,635"
"11/30/2009","W","5,282"
"12/01/2009","W","5,714"
"12/02/2009","W","5,683"
"12/03/2009","W","5,894"
"12/04/2009","W","5,919"
"12/05/2009","A","5,065"
"12/06/2009","U","4,171"
"12/07/2009","W","5,501"
"12/08/2009","W","5,619"
"12/09/2009","W","5,680"
"12/10/2009","W","5,383"
"12/11/2009","W","5,790"
"12/12/2009","A","5,372"
"12/13/2009","U","4,006"
"12/14/2009","W","5,298"
"12/15/2009","W","5,419"
"12/16/2009","W","5,516"
"12/17/2009","W","5,667"
"12/18/2009","W","5,896"
"12/19/2009","A","4,204"
"12/20/2009","U","3,344"
"12/21/2009","W","4,467"
"12/22/2009","W","4,325"
"12/23/2009","W","3,659"
"12/24/2009","W","1,990"
"12/25/2009","U","711"
"12/26/2009","A","1,747"
"12/27/2009","U","1,984"
"12/28/2009","W","3,670"
"12/29/2009","W","4,093"
"12/30/2009","W","4,267"
"12/31/2009","W","4,844"
"01/01/2010","U","4,292"
"01/02/2010","A","3,145"
"01/03/2010","U","2,461"
"01/04/2010","W","4,835"
"01/05/2010","W","5,420"
"01/06/2010","W","5,401"
"01/07/2010","W","5,667"
"01/08/2010","W","5,851"
"01/09/2010","A","4,038"
"01/10/2010","U","2,825"
"01/11/2010","W","5,201"
"01/12/2010","W","5,482"
"01/13/2010","W","5,645"
"01/14/2010","W","5,690"
"01/15/2010","W","6,178"
"01/16/2010","A","4,904"
"01/17/2010","U","4,035"
"01/18/2010","W","4,194"
"01/19/2010","W","5,681"
"01/20/2010","W","5,891"
"01/21/2010","W","5,828"
"01/22/2010","W","6,151"
"01/23/2010","A","4,989"
"01/24/2010","U","3,877"
"01/25/2010","W","5,586"
"01/26/2010","W","5,671"
"01/27/2010","W","5,548"
"01/28/2010","W","5,689"
"01/29/2010","W","5,819"
"01/30/2010","A","4,891"
"01/31/2010","U","3,522"
"02/01/2010","W","5,686"
"02/02/2010","W","5,814"
"02/03/2010","W","5,794"
"02/04/2010","W","6,040"
"02/05/2010","W","6,010"
"02/06/2010","A","4,921"
"02/07/2010","U","4,002"
"02/08/2010","W","5,508"
"02/09/2010","W","5,673"
"02/10/2010","W","5,723"
"02/11/2010","W","5,790"
"02/12/2010","W","6,040"
"02/13/2010","A","5,408"
"02/14/2010","U","4,190"
"02/15/2010","W","4,649"
"02/16/2010","W","5,819"
"02/17/2010","W","6,075"
"02/18/2010","W","6,332"
"02/19/2010","W","6,860"
"02/20/2010","A","5,263"
"02/21/2010","U","4,121"
"02/22/2010","W","5,452"
"02/23/2010","W","6,024"
"02/24/2010","W","5,887"
"02/25/2010","W","5,906"
"02/26/2010","W","6,111"
"02/27/2010","A","5,136"
"02/28/2010","U","4,475"
"03/01/2010","W","5,369"
"03/02/2010","W","5,843"
"03/03/2010","W","6,069"
"03/04/2010","W","6,105"
"03/05/2010","W","6,335"
"03/06/2010","A","5,485"
"03/07/2010","U","3,962"
"03/08/2010","W","5,832"
"03/09/2010","W","6,019"
"03/10/2010","W","6,110"
"03/11/2010","W","6,240"
"03/12/2010","W","6,827"
"03/13/2010","A","9,077"
"03/14/2010","U","5,201"
"03/15/2010","W","5,957"
"03/16/2010","W","6,312"
"03/17/2010","W","7,208"
"03/18/2010","W","7,307"
"03/19/2010","W","6,962"
"03/20/2010","A","4,392"
"03/21/2010","U","4,154"
"03/22/2010","W","5,424"
"03/23/2010","W","5,830"
"03/24/2010","W","5,853"
"03/25/2010","W","5,708"
"03/26/2010","W","6,319"
"03/27/2010","A","5,098"
"03/28/2010","U","3,976"
"03/29/2010","W","5,376"
"03/30/2010","W","5,813"
"03/31/2010","W","6,009"
"04/01/2010","W","6,531"
"04/02/2010","W","6,705"
"04/03/2010","A","4,716"
"04/04/2010","U","3,053"
"04/05/2010","W","6,121"
"04/06/2010","W","6,112"
"04/07/2010","W","6,371"
"04/08/2010","W","6,515"
"04/09/2010","W","6,994"
"04/10/2010","A","6,595"
"04/11/2010","U","4,991"
"04/12/2010","W","15,997"
"04/13/2010","W","6,286"
"04/14/2010","W","13,545"
"04/15/2010","W","13,917"
"04/16/2010","W","14,291"
"04/17/2010","A","14,670"
"04/18/2010","U","13,356"
"04/19/2010","W","5,850"
"04/20/2010","W","6,095"
"04/21/2010","W","6,262"
"04/22/2010","W","6,252"
"04/23/2010","W","6,814"
"04/24/2010","A","6,369"
"04/25/2010","U","4,102"
"04/26/2010","W","12,403"
"04/27/2010","W","12,722"
"04/28/2010","W","13,009"
"04/29/2010","W","12,970"
"04/30/2010","W","15,039"
"05/01/2010","A","14,359"
"05/02/2010","U","12,273"
"05/03/2010","W","6,001"
"05/04/2010","W","6,111"
"05/05/2010","W","6,457"
"05/06/2010","W","6,463"
"05/07/2010","W","6,609"
"05/08/2010","A","5,256"
"05/09/2010","U","3,878"
"05/10/2010","W","12,518"
"05/11/2010","W","12,644"
"05/12/2010","W","13,190"
"05/13/2010","W","6,277"
"05/14/2010","W","15,788"
"05/15/2010","A","14,391"
"05/16/2010","U","12,650"
"05/17/2010","W","11,480"
"05/18/2010","W","12,935"
"05/19/2010","W","6,309"
"05/20/2010","W","5,926"
"05/21/2010","W","7,609"
"05/22/2010","A","5,580"
"05/23/2010","U","4,684"
"05/24/2010","W","5,579"
"05/25/2010","W","13,028"
"05/26/2010","W","14,079"
"05/27/2010","W","15,339"
"05/28/2010","W","16,624"
"05/29/2010","A","16,407"
"05/30/2010","U","16,275"
"05/31/2010","U","3,437"
"06/01/2010","W","5,895"
"06/02/2010","W","6,058"
"06/03/2010","W","6,325"
"06/04/2010","W","7,064"
"06/05/2010","A","5,699"
"06/06/2010","U","4,460"
"06/07/2010","W","6,221"
"06/08/2010","W","5,871"
"06/09/2010","W","7,228"
"06/10/2010","W","8,319"
"06/11/2010","W","21,136"
"06/12/2010","A","16,343"
"06/13/2010","U","12,678"
"06/14/2010","W","6,689"
"06/15/2010","W","12,479"
"06/16/2010","W","14,296"
"06/17/2010","W","15,227"
"06/18/2010","W","16,476"
"06/19/2010","A","15,412"
"06/20/2010","U","12,408"
"06/21/2010","W","5,682"
"06/22/2010","W","5,866"
"06/23/2010","W","5,598"
"06/24/2010","W","6,348"
"06/25/2010","W","7,788"
"06/26/2010","A","8,593"
"06/27/2010","U","15,693"
"06/28/2010","W","14,799"
"06/29/2010","W","14,562"
"06/30/2010","W","14,696"
"07/01/2010","W","14,639"
"07/02/2010","W","17,396"
"07/03/2010","A","15,935"
"07/04/2010","U","16,618"
"07/05/2010","U","4,213"
"07/06/2010","W","5,795"
"07/07/2010","W","7,190"
"07/08/2010","W","6,528"
"07/09/2010","W","6,783"
"07/10/2010","A","5,820"
"07/11/2010","U","4,731"
"07/12/2010","W","5,713"
"07/13/2010","W","6,002"
"07/14/2010","W","6,024"
"07/15/2010","W","15,694"
"07/16/2010","W","17,726"
"07/17/2010","A","17,375"
"07/18/2010","U","12,968"
"07/19/2010","W","13,806"
"07/20/2010","W","14,200"
"07/21/2010","W","15,502"
"07/22/2010","W","6,321"
"07/23/2010","W","16,580"
"07/24/2010","A","16,059"
"07/25/2010","U","14,010"
"07/26/2010","W","6,493"
"07/27/2010","W","6,122"
"07/28/2010","W","6,128"
"07/29/2010","W","6,395"
"07/30/2010","W","6,948"
"07/31/2010","A","6,374"
"08/01/2010","U","5,137"
"08/02/2010","W","15,075"
"08/03/2010","W","13,981"
"08/04/2010","W","15,300"
"08/05/2010","W","6,891"
"08/06/2010","W","18,889"
"08/07/2010","A","20,238"
"08/08/2010","U","16,952"
"08/09/2010","W","6,395"
"08/10/2010","W","6,004"
"08/11/2010","W","6,130"
"08/12/2010","W","6,333"
"08/13/2010","W","6,688"
"08/14/2010","A","6,335"
"08/15/2010","U","5,368"
"08/16/2010","W","12,669"
"08/17/2010","W","12,986"
"08/18/2010","W","12,832"
"08/19/2010","W","12,916"
"08/20/2010","W","16,092"
"08/21/2010","A","16,074"
"08/22/2010","U","12,882"
"08/23/2010","W","5,551"
"08/24/2010","W","5,676"
"08/25/2010","W","5,921"
"08/26/2010","W","6,048"
"08/27/2010","W","6,855"
"08/28/2010","A","6,607"
"08/29/2010","U","5,669"
"08/30/2010","W","11,575"
"08/31/2010","W","11,476"
"09/01/2010","W","11,135"
"09/02/2010","W","6,002"
"09/03/2010","W","13,718"
"09/04/2010","A","13,317"
"09/05/2010","U","15,857"
"09/06/2010","U","9,957"
"09/07/2010","W","10,705"
"09/08/2010","W","11,898"
"09/09/2010","W","7,037"
"09/10/2010","W","7,681"
"09/11/2010","A","7,166"
"09/12/2010","U","5,670"
"09/13/2010","W","6,451"
"09/14/2010","W","6,829"
"09/15/2010","W","6,944"
"09/16/2010","W","7,156"
"09/17/2010","W","13,323"
"09/18/2010","A","14,839"
"09/19/2010","U","9,249"
"09/20/2010","W","6,481"
"09/21/2010","W","11,781"
"09/22/2010","W","12,241"
"09/23/2010","W","12,376"
"09/24/2010","W","15,245"
"09/25/2010","A","15,824"
"09/26/2010","U","12,741"
"09/27/2010","W","6,940"
"09/28/2010","W","6,512"
"09/29/2010","W","7,097"
"09/30/2010","W","7,152"
"10/01/2010","W","7,413"
"10/02/2010","A","6,086"
"10/03/2010","U","4,920"
"10/04/2010","W","6,493"
"10/05/2010","W","6,765"
"10/06/2010","W","6,782"
"10/07/2010","W","7,093"
"10/08/2010","W","7,745"
"10/09/2010","A","7,615"
"10/10/2010","U","9,322"
"10/11/2010","W","6,331"
"10/12/2010","W","6,973"
"10/13/2010","W","6,713"
"10/14/2010","W","7,000"
"10/15/2010","W","7,610"
"10/16/2010","A","7,115"
"10/17/2010","U","5,508"
"10/18/2010","W","6,580"
"10/19/2010","W","6,966"
"10/20/2010","W","6,844"
"10/21/2010","W","7,096"
"10/22/2010","W","7,625"
"10/23/2010","A","7,047"
"10/24/2010","U","4,911"
"10/25/2010","W","6,504"
"10/26/2010","W","6,604"
"10/27/2010","W","7,137"
"10/28/2010","W","7,249"
"10/29/2010","W","7,560"
"10/30/2010","A","7,455"
"10/31/2010","U","7,827"
"11/01/2010","W","6,632"
"11/02/2010","W","6,496"
"11/03/2010","W","6,587"
"11/04/2010","W","6,781"
"11/05/2010","W","7,164"
"11/06/2010","A","6,576"
"11/07/2010","U","4,860"
"11/08/2010","W","6,217"
"11/09/2010","W","6,478"
"11/10/2010","W","6,753"
"11/11/2010","W","6,513"
"11/12/2010","W","7,470"
"11/13/2010","A","7,042"
"11/14/2010","U","5,075"
"11/15/2010","W","6,411"
"11/16/2010","W","6,670"
"11/17/2010","W","6,641"
"11/18/2010","W","6,794"
"11/19/2010","W","7,342"
"11/20/2010","A","19,068"
"11/21/2010","U","5,019"
"11/22/2010","W","6,154"
"11/23/2010","W","6,364"
"11/24/2010","W","5,012"
"11/25/2010","U","2,159"
"11/26/2010","W","2,907"
"11/27/2010","A","3,606"
"11/28/2010","U","3,129"
"11/29/2010","W","5,469"
"11/30/2010","W","5,974"
"12/01/2010","W","6,026"
"12/02/2010","W","6,151"
"12/03/2010","W","6,633"
"12/04/2010","A","5,600"
"12/05/2010","U","4,034"
"12/06/2010","W","5,630"
"12/07/2010","W","5,702"
"12/08/2010","W","5,939"
"12/09/2010","W","6,190"
"12/10/2010","W","6,787"
"12/11/2010","A","5,974"
"12/12/2010","U","3,655"
"12/13/2010","W","5,504"
"12/14/2010","W","5,841"
"12/15/2010","W","5,756"
"12/16/2010","W","5,969"
"12/17/2010","W","6,316"
"12/18/2010","A","4,496"
"12/19/2010","U","3,796"
"12/20/2010","W","4,976"
"12/21/2010","W","4,953"
"12/22/2010","W","4,537"
"12/23/2010","W","3,671"
"12/24/2010","W","1,916"
"12/25/2010","U","736"
"12/26/2010","U","1,830"
"12/27/2010","W","3,280"
"12/28/2010","W","3,840"
"12/29/2010","W","4,555"
"12/30/2010","W","5,168"
"12/31/2010","W","5,992"
"01/01/2011","U","4,651"
"01/02/2011","U","3,129"
"01/03/2011","W","5,329"
"01/04/2011","W","5,691"
"01/05/2011","W","5,669"
"01/06/2011","W","5,750"
"01/07/2011","W","6,110"
"01/08/2011","A","4,647"
"01/09/2011","U","3,488"
"01/10/2011","W","5,763"
"01/11/2011","W","5,855"
"01/12/2011","W","6,164"
"01/13/2011","W","6,210"
"01/14/2011","W","6,251"
"01/15/2011","A","5,044"
"01/16/2011","U","4,412"
"01/17/2011","W","4,390"
"01/18/2011","W","6,007"
"01/19/2011","W","6,052"
"01/20/2011","W","6,175"
"01/21/2011","W","5,820"
"01/22/2011","A","4,612"
"01/23/2011","U","4,908"
"01/24/2011","W","5,857"
"01/25/2011","W","6,081"
"01/26/2011","W","6,154"
"01/27/2011","W","6,205"
"01/28/2011","W","6,283"
"01/29/2011","A","5,572"
"01/30/2011","U","3,805"
"01/31/2011","W","5,905"
"02/01/2011","W","5,710"
"02/02/2011","W","2,792"
"02/03/2011","W","6,118"
"02/04/2011","W","7,516"
"02/05/2011","A","5,719"
"02/06/2011","U","4,771"
"02/07/2011","W","6,195"
"02/08/2011","W","6,397"
"02/09/2011","W","6,171"
"02/10/2011","W","6,261"
"02/11/2011","W","6,431"
"02/12/2011","A","5,636"
"02/13/2011","U","4,774"
"02/14/2011","W","6,443"
"02/15/2011","W","6,560"
"02/16/2011","W","6,433"
"02/17/2011","W","6,668"
"02/18/2011","W","6,923"
"02/19/2011","A","5,988"
"02/20/2011","U","4,453"
"02/21/2011","W","5,019"
"02/22/2011","W","6,366"
"02/23/2011","W","6,371"
"02/24/2011","W","6,542"
"02/25/2011","W","6,837"
"02/26/2011","A","5,641"
"02/27/2011","U","4,372"
"02/28/2011","W","6,034"
"03/01/2011","W","6,553"
"03/02/2011","W","6,376"
"03/03/2011","W","6,566"
"03/04/2011","W","6,740"
"03/05/2011","A","5,056"
"03/06/2011","U","3,851"
"03/07/2011","W","5,954"
"03/08/2011","W","6,372"
"03/09/2011","W","6,401"
"03/10/2011","W","6,659"
"03/11/2011","W","7,460"
"03/12/2011","A","9,984"
"03/13/2011","U","5,330"
"03/14/2011","W","6,436"
"03/15/2011","W","6,655"
"03/16/2011","W","6,994"
"03/17/2011","W","8,075"
"03/18/2011","W","8,181"
"03/19/2011","A","6,346"
"03/20/2011","U","4,152"
"03/21/2011","W","5,826"
"03/22/2011","W","5,928"
"03/23/2011","W","6,235"
"03/24/2011","W","6,086"
"03/25/2011","W","6,486"
"03/26/2011","A","5,789"
"03/27/2011","U","4,523"
"03/28/2011","W","6,300"
"03/29/2011","W","6,474"
"03/30/2011","W","6,632"
"03/31/2011","W","6,997"
"04/01/2011","W","17,207"
"04/02/2011","A","13,728"
"04/03/2011","U","9,806"
"04/04/2011","W","9,838"
"04/05/2011","W","10,627"
"04/06/2011","W","11,360"
"04/07/2011","W","6,700"
"04/08/2011","W","7,171"
"04/09/2011","A","6,559"
"04/10/2011","U","5,572"
"04/11/2011","W","6,276"
"04/12/2011","W","6,652"
"04/13/2011","W","6,804"
"04/14/2011","W","6,972"
"04/15/2011","W","6,813"
"04/16/2011","A","6,992"
"04/17/2011","U","4,818"
"04/18/2011","W","11,589"
"04/19/2011","W","6,427"
"04/20/2011","W","14,215"
"04/21/2011","W","6,694"
"04/22/2011","W","13,166"
"04/23/2011","A","14,678"
"04/24/2011","U","9,521"
"04/25/2011","W","11,115"
"04/26/2011","W","12,188"
"04/27/2011","W","11,728"
"04/28/2011","W","6,655"
"04/29/2011","W","7,214"
"04/30/2011","A","6,281"
"05/01/2011","U","5,253"
"05/02/2011","W","6,297"
"05/03/2011","W","6,439"
"05/04/2011","W","6,986"
"05/05/2011","W","6,812"
"05/06/2011","W","14,365"
"05/07/2011","A","13,667"
"05/08/2011","U","10,464"
"05/09/2011","W","6,013"
"05/10/2011","W","12,964"
"05/11/2011","W","13,332"
"05/12/2011","W","13,735"
"05/13/2011","W","16,180"
"05/14/2011","A","12,579"
"05/15/2011","U","7,247"
"05/16/2011","W","6,373"
"05/17/2011","W","6,497"
"05/18/2011","W","6,656"
"05/19/2011","W","7,111"
"05/20/2011","W","7,262"
"05/21/2011","A","5,569"
"05/22/2011","U","5,150"
"05/23/2011","W","6,209"
"05/24/2011","W","14,013"
"05/25/2011","W","11,802"
"05/26/2011","W","11,376"
"05/27/2011","W","14,263"
"05/28/2011","A","14,431"
"05/29/2011","U","12,598"
"05/30/2011","U","11,827"
"05/31/2011","W","11,414"
"06/01/2011","W","12,597"
"06/02/2011","W","6,629"
"06/03/2011","W","7,441"
"06/04/2011","A","8,031"
"06/05/2011","U","6,267"
"06/06/2011","W","6,592"
"06/07/2011","W","6,564"
"06/08/2011","W","6,836"
"06/09/2011","W","6,658"
"06/10/2011","W","7,055"
"06/11/2011","A","6,639"
"06/12/2011","U","5,559"
"06/13/2011","W","13,303"
"06/14/2011","W","14,399"
"06/15/2011","W","12,677"
"06/16/2011","W","15,219"
"06/17/2011","W","18,553"
"06/18/2011","A","17,617"
"06/19/2011","U","13,388"
"06/20/2011","W","6,445"
"06/21/2011","W","6,157"
"06/22/2011","W","6,375"
"06/23/2011","W","6,423"
"06/24/2011","W","7,746"
"06/25/2011","A","9,472"
"06/26/2011","U","20,243"
"06/27/2011","W","12,286"
"06/28/2011","W","20,895"
"06/29/2011","W","13,954"
"06/30/2011","W","15,417"
"07/01/2011","W","16,326"
"07/02/2011","A","16,644"
"07/03/2011","U","17,579"
"07/04/2011","U","5,094"
"07/05/2011","W","6,017"
"07/06/2011","W","6,317"
"07/07/2011","W","6,560"
"07/08/2011","W","7,814"
"07/09/2011","A","6,728"
"07/10/2011","U","5,498"
"07/11/2011","W","5,949"
"07/12/2011","W","6,172"
"07/13/2011","W","6,283"
"07/14/2011","W","15,232"
"07/15/2011","W","16,517"
"07/16/2011","A","16,064"
"07/17/2011","U","12,750"
"07/18/2011","W","14,260"
"07/19/2011","W","14,881"
"07/20/2011","W","14,507"
"07/21/2011","W","6,043"
"07/22/2011","W","15,417"
"07/23/2011","A","15,741"
"07/24/2011","U","13,321"
"07/25/2011","W","6,257"
"07/26/2011","W","6,106"
"07/27/2011","W","6,361"
"07/27/2011","W","6,261"
"07/28/2011","W","6,129"
"07/29/2011","W","6,744"
"07/30/2011","A","6,968"
"07/31/2011","U","11,567"
"08/01/2011","W","14,273"
"08/02/2011","W","7,856"
"08/03/2011","W","6,409"
"08/04/2011","W","7,014"
"08/05/2011","W","18,894"
"08/06/2011","A","17,888"
"08/06/2011","A","17,778"
"08/07/2011","U","14,448"
"08/08/2011","W","12,053"
"08/09/2011","W","13,963"
"08/10/2011","W","14,047"
"08/10/2011","W","14,105"
"08/11/2011","W","11,712"
"08/12/2011","W","7,193"
"08/13/2011","A","9,184"
"08/14/2011","U","8,042"
"08/15/2011","W","6,014"
"08/16/2011","W","6,160"
"08/17/2011","W","6,187"
"08/18/2011","W","6,368"
"08/19/2011","W","18,666"
"08/20/2011","A","17,222"
"08/21/2011","U","12,162"
"08/22/2011","W","12,467"
"08/23/2011","W","10,871"
"08/24/2011","W","11,978"
"08/25/2011","W","14,204"
"08/26/2011","W","6,907"
"08/27/2011","A","7,504"
"08/28/2011","U","5,191"
"08/29/2011","W","6,107"
"08/30/2011","W","6,242"
"08/31/2011","W","6,055"
"09/01/2011","W","6,613"
"09/02/2011","W","13,800"
"09/03/2011","A","14,427"
"09/04/2011","U","15,838"
"09/05/2011","U","12,203"
"09/06/2011","W","10,850"
"09/07/2011","W","12,947"
"09/08/2011","W","7,187"
"09/09/2011","W","7,884"
"09/10/2011","A","7,169"
"09/11/2011","U","5,888"
"09/12/2011","W","6,653"
"09/13/2011","W","6,885"
"09/14/2011","W","6,751"
"09/15/2011","W","6,956"
"09/16/2011","W","14,398"
"09/17/2011","A","14,734"
"09/18/2011","U","11,096"
"09/19/2011","W","11,614"
"09/20/2011","W","12,983"
"09/21/2011","W","12,325"
"09/22/2011","W","6,999"
"09/23/2011","W","7,297"
"09/24/2011","A","6,575"
"09/25/2011","U","5,522"
"09/26/2011","W","6,533"
"09/27/2011","W","6,308"
"09/28/2011","W","7,198"
"09/29/2011","W","7,024"
"09/30/2011","W","7,106"
"10/01/2011","A","7,745"
"10/02/2011","U","5,159"
"10/03/2011","W","6,677"
"10/04/2011","W","6,759"
"10/05/2011","W","7,261"
"10/06/2011","W","7,301"
"10/07/2011","W","7,975"
"10/08/2011","A","7,837"
"10/09/2011","U","9,233"
"10/10/2011","W","6,649"
"10/11/2011","W","6,815"
"10/12/2011","W","6,933"
"10/13/2011","W","7,002"
"10/14/2011","W","7,919"
"10/15/2011","A","7,116"
"10/16/2011","U","5,669"
"10/17/2011","W","6,459"
"10/18/2011","W","6,564"
"10/19/2011","W","6,457"
"10/20/2011","W","7,040"
"10/21/2011","W","8,306"
"10/22/2011","A","7,826"
"10/23/2011","U","5,694"
"10/24/2011","W","6,579"
"10/25/2011","W","6,677"
"10/26/2011","W","6,886"
"10/27/2011","W","7,146"
"10/28/2011","W","7,538"
"10/29/2011","A","7,426"
"10/30/2011","U","7,101"
"10/31/2011","W","7,652"
"11/01/2011","W","6,937"
"11/02/2011","W","6,908"
"11/03/2011","W","6,952"
"11/04/2011","W","8,325"
"11/05/2011","A","7,844"
"11/06/2011","U","5,249"
"11/07/2011","W","6,754"
"11/08/2011","W","6,628"
"11/09/2011","W","6,975"
"11/10/2011","W","6,874"
"11/11/2011","W","7,268"
"11/12/2011","A","6,942"
"11/13/2011","U","5,596"
"11/14/2011","W","6,833"
"11/15/2011","W","6,894"
"11/16/2011","W","7,049"
"11/17/2011","W","7,024"
"11/18/2011","W","7,272"
"11/19/2011","A","7,405"
"11/20/2011","U","5,288"
"11/21/2011","W","6,594"
"11/22/2011","W","6,370"
"11/23/2011","W","5,769"
"11/24/2011","U","2,417"
"11/25/2011","W","3,615"
"11/26/2011","A","3,798"
"11/27/2011","U","3,055"
"11/28/2011","W","5,916"
"11/29/2011","W","6,063"
"11/30/2011","W","6,441"
"12/01/2011","W","6,600"
"12/02/2011","W","7,267"
"12/03/2011","A","6,438"
"12/04/2011","U","4,709"
"12/05/2011","W","6,266"
"12/06/2011","W","6,236"
"12/07/2011","W","6,263"
"12/08/2011","W","6,586"
"12/09/2011","W","6,913"
"12/10/2011","A","6,818"
"12/11/2011","U","4,452"
"12/12/2011","W","5,980"
"12/13/2011","W","6,123"
"12/14/2011","W","6,206"
"12/15/2011","W","6,441"
"12/16/2011","W","6,937"
"12/17/2011","A","6,036"
"12/18/2011","U","4,578"
"12/19/2011","W","5,919"
"12/20/2011","W","5,870"
"12/21/2011","W","5,589"
"12/22/2011","W","5,157"
"12/23/2011","W","4,341"
"12/24/2011","A","2,118"
"12/25/2011","U","873"
"12/26/2011","U","1,999"
"12/27/2011","W","3,701"
"12/28/2011","W","4,522"
"12/29/2011","W","4,974"
"12/30/2011","W","5,078"
"12/31/2011","A","6,040"
"01/01/2012","U","6,060"
"01/02/2012","U","3,181"
"01/03/2012","W","5,403"
"01/04/2012","W","5,705"
"01/05/2012","W","5,986"
"01/06/2012","W","6,316"
"01/07/2012","A","5,422"
"01/08/2012","U","4,061"
"01/09/2012","W","5,996"
"01/10/2012","W","6,106"
"01/11/2012","W","6,198"
"01/12/2012","W","6,286"
"01/13/2012","W","6,669"
"01/14/2012","A","5,498"
"01/15/2012","U","4,243"
"01/16/2012","W","4,710"
"01/17/2012","W","6,484"
"01/18/2012","W","6,447"
"01/19/2012","W","6,506"
"01/20/2012","W","6,729"
"01/21/2012","A","5,739"
"01/22/2012","U","4,214"
"01/23/2012","W","6,322"
"01/24/2012","W","6,559"
"01/25/2012","W","6,561"
"01/26/2012","W","6,826"
"01/27/2012","W","7,240"
"01/28/2012","A","6,273"
"01/29/2012","U","4,626"
"01/30/2012","W","6,477"
"01/31/2012","W","6,747"
"02/01/2012","W","6,677"
"02/02/2012","W","6,965"
"02/03/2012","W","7,119"
"02/04/2012","A","5,796"
"02/05/2012","U","5,106"
"02/06/2012","W","6,299"
"02/07/2012","W","6,540"
"02/08/2012","W","6,622"
"02/09/2012","W","6,899"
"02/10/2012","W","6,735"
"02/11/2012","A","5,679"
"02/12/2012","U","4,218"
"02/13/2012","W","5,902"
"02/14/2012","W","6,601"
"02/15/2012","W","6,810"
"02/16/2012","W","6,826"
"02/17/2012","W","7,140"
"02/18/2012","A","6,816"
"02/19/2012","U","5,186"
"02/20/2012","W","5,496"
"02/21/2012","W","6,454"
"02/22/2012","W","6,649"
"02/23/2012","W","6,838"
"02/24/2012","W","6,956"
"02/25/2012","A","5,580"
"02/26/2012","U","4,397"
"02/27/2012","W","6,296"
"02/28/2012","W","6,753"
"02/29/2012","W","6,760"
"03/01/2012","W","6,802"
"03/02/2012","W","6,840"
"03/03/2012","A","5,749"
"03/04/2012","U","4,454"
"03/05/2012","W","6,165"
"03/06/2012","W","6,752"
"03/07/2012","W","6,704"
"03/08/2012","W","7,012"
"03/09/2012","W","7,157"
"03/10/2012","A","6,466"
"03/11/2012","U","5,519"
"03/12/2012","W","6,556"
"03/13/2012","W","6,965"
"03/14/2012","W","7,338"
"03/15/2012","W","7,664"
"03/16/2012","W","8,803"
"03/17/2012","A","19,720"
"03/18/2012","U","8,973"
"03/19/2012","W","6,652"
"03/20/2012","W","6,551"
"03/21/2012","W","6,654"
"03/22/2012","W","7,045"
"03/23/2012","W","6,907"
"03/24/2012","A","6,183"
"03/25/2012","U","5,543"
"03/26/2012","W","6,385"
"03/27/2012","W","6,587"
"03/28/2012","W","7,189"
"03/29/2012","W","6,990"
"03/30/2012","W","7,268"
"03/31/2012","A","6,945"
"04/01/2012","U","4,960"
"04/02/2012","W","6,686"
"04/03/2012","W","7,039"
"04/04/2012","W","7,251"
"04/05/2012","W","17,363"
"04/06/2012","W","7,273"
"04/07/2012","A","15,424"
"04/08/2012","U","9,722"
"04/09/2012","W","13,157"
"04/10/2012","W","13,184"
"04/11/2012","W","13,027"
"04/12/2012","W","13,436"
"04/13/2012","W","7,575"
"04/14/2012","A","8,551"
"04/15/2012","U","4,954"
"04/16/2012","W","6,559"
"04/17/2012","W","6,916"
"04/18/2012","W","7,137"
"04/19/2012","W","7,297"
"04/20/2012","W","13,232"
"04/21/2012","A","14,992"
"04/22/2012","U","12,097"
"04/23/2012","W","12,461"
"04/24/2012","W","13,673"
"04/25/2012","W","12,851"
"04/26/2012","W","7,188"
"04/27/2012","W","7,402"
"04/28/2012","A","6,262"
"04/29/2012","U","4,723"
"04/30/2012","W","6,305"
"05/01/2012","W","6,758"
"05/02/2012","W","6,760"
"05/03/2012","W","7,071"
"05/04/2012","W","15,264"
"05/05/2012","A","15,026"
"05/06/2012","U","13,188"
"05/07/2012","W","12,078"
"05/08/2012","W","13,477"
"05/09/2012","W","12,889"
"05/10/2012","W","6,984"
"05/11/2012","W","7,414"
"05/12/2012","A","6,069"
"05/13/2012","U","4,283"
"05/14/2012","W","6,211"
"05/15/2012","W","6,569"
"05/16/2012","W","13,907"
"05/17/2012","W","15,128"
"05/18/2012","W","15,510"
"05/19/2012","A","14,870"
"05/20/2012","U","15,164"
"05/21/2012","W","5,334"
"05/22/2012","W","6,367"
"05/23/2012","W","6,426"
"05/24/2012","W","7,350"
"05/25/2012","W","7,209"
"05/26/2012","A","6,794"
"05/27/2012","U","6,243"
"05/28/2012","U","13,770"
"05/29/2012","W","12,047"
"05/30/2012","W","13,818"
"05/31/2012","W","6,501"
"06/01/2012","W","7,563"
"06/02/2012","A","8,271"
"06/03/2012","U","6,260"
"06/04/2012","W","6,771"
"06/05/2012","W","6,968"
"06/06/2012","W","7,009"
"06/07/2012","W","7,152"
"06/08/2012","W","11,950"
"06/09/2012","A","15,664"
"06/10/2012","U","7,614"
"06/11/2012","W","7,290"
"06/12/2012","W","16,017"
"06/13/2012","W","15,533"
"06/14/2012","W","18,413"
"06/15/2012","W","18,274"
"06/16/2012","A","15,846"
"06/17/2012","U","13,259"
"06/18/2012","W","7,097"
"06/19/2012","W","6,727"
"06/20/2012","W","6,716"
"06/21/2012","W","6,910"
"06/22/2012","W","8,212"
"06/23/2012","A","9,882"
"06/24/2012","U","19,580"
"06/25/2012","W","14,132"
"06/26/2012","W","14,357"
"06/27/2012","W","14,567"
"06/28/2012","W","6,544"
"06/29/2012","W","15,105"
"06/30/2012","A","15,514"
"07/01/2012","U","13,857"
"07/02/2012","W","6,201"
"07/03/2012","W","6,766"
"07/04/2012","U","4,973"
"07/05/2012","W","6,136"
"07/06/2012","W","7,192"
"07/07/2012","A","6,472"
"07/08/2012","U","5,163"
"07/09/2012","W","6,167"
"07/10/2012","W","6,584"
"07/11/2012","W","6,669"
"07/12/2012","W","7,255"
"07/13/2012","W","18,008"
"07/14/2012","A","16,542"
"07/15/2012","U","14,454"
"07/16/2012","W","6,193"
"07/17/2012","W","13,546"
"07/18/2012","W","14,668"
"07/19/2012","W","14,374"
"07/20/2012","W","7,126"
"07/21/2012","A","6,884"
"07/22/2012","U","8,693"
"07/23/2012","W","6,196"
"07/24/2012","W","6,616"
"07/25/2012","W","6,499"
"07/26/2012","W","6,883"
"07/27/2012","W","19,005"
"07/28/2012","A","17,456"
"07/29/2012","U","14,363"
"07/30/2012","W","13,856"
"07/31/2012","W","13,760"
"08/01/2012","W","14,347"
"08/02/2012","W","7,328"
"08/03/2012","W","8,460"
"08/04/2012","A","8,207"
"08/05/2012","U","7,361"
"08/06/2012","W","6,714"
"08/07/2012","W","6,773"
"08/08/2012","W","6,605"
"08/09/2012","W","13,665"
"08/10/2012","W","18,570"
"08/11/2012","A","19,026"
"08/12/2012","U","15,855"
"08/13/2012","W","11,312"
"08/14/2012","W","12,991"
"08/15/2012","W","13,413"
"08/16/2012","W","6,341"
"08/17/2012","W","7,018"
"08/18/2012","A","7,277"
"08/19/2012","U","5,314"
"08/20/2012","W","5,901"
"08/21/2012","W","6,209"
"08/22/2012","W","6,317"
"08/23/2012","W","6,556"
"08/24/2012","W","14,853"
"08/25/2012","A","13,867"
"08/26/2012","U","9,943"
"08/27/2012","W","11,303"
"08/28/2012","W","10,858"
"08/29/2012","W","11,313"
"08/30/2012","W","12,193"
"08/31/2012","W","15,700"
"09/01/2012","A","13,171"
"09/02/2012","U","15,600"
"09/03/2012","U","4,467"
"09/04/2012","W","6,565"
"09/05/2012","W","6,851"
"09/06/2012","W","7,288"
"09/07/2012","W","10,639"
"09/08/2012","A","17,179"
"09/09/2012","U","8,652"
"09/10/2012","W","6,767"
"09/11/2012","W","6,910"
"09/12/2012","W","6,912"
"09/13/2012","W","7,348"
"09/14/2012","W","12,825"
"09/15/2012","A","13,942"
"09/16/2012","U","10,901"
"09/17/2012","W","9,655"
"09/18/2012","W","11,708"
"09/19/2012","W","11,509"
"09/20/2012","W","11,615"
"09/21/2012","W","13,895"
"09/22/2012","A","15,159"
"09/23/2012","U","10,624"
"09/24/2012","W","7,207"
"09/25/2012","W","7,006"
"09/26/2012","W","7,109"
"09/27/2012","W","7,437"
"09/28/2012","W","7,546"
"09/29/2012","A","6,965"
"09/30/2012","U","5,260"
"10/01/2012","W","10,621"
"10/02/2012","W","11,651"
"10/03/2012","W","10,806"
"10/04/2012","W","7,404"
"10/05/2012","W","7,918"
"10/06/2012","A","7,578"
"10/07/2012","U","9,004"
"10/08/2012","W","6,645"
"10/09/2012","W","6,988"
"10/10/2012","W","7,130"
"10/11/2012","W","7,466"
"10/12/2012","W","7,451"
"10/13/2012","A","6,334"
"10/14/2012","U","4,942"
"10/15/2012","W","6,813"
"10/16/2012","W","7,142"
"10/17/2012","W","7,282"
"10/18/2012","W","7,540"
"10/19/2012","W","8,057"
"10/20/2012","A","7,600"
"10/21/2012","U","5,641"
"10/22/2012","W","7,058"
"10/23/2012","W","7,093"
"10/24/2012","W","7,526"
"10/25/2012","W","7,236"
"10/26/2012","W","7,925"
"10/27/2012","A","7,496"
"10/28/2012","U","6,044"
"10/29/2012","W","6,683"
"10/30/2012","W","7,082"
"10/31/2012","W","8,138"
"11/01/2012","W","7,561"
"11/02/2012","W","7,780"
"11/03/2012","A","6,808"
"11/04/2012","U","5,670"
"11/05/2012","W","6,821"
"11/06/2012","W","6,914"
"11/07/2012","W","6,907"
"11/08/2012","W","7,317"
"11/09/2012","W","7,693"
"11/10/2012","A","6,608"
"11/11/2012","U","5,375"
"11/12/2012","W","6,180"
"11/13/2012","W","6,524"
"11/14/2012","W","6,702"
"11/15/2012","W","6,941"
"11/16/2012","W","7,490"
"11/17/2012","A","7,278"
"11/18/2012","U","4,954"
"11/19/2012","W","6,651"
"11/20/2012","W","6,394"
"11/21/2012","W","5,605"
"11/22/2012","U","2,562"
"11/23/2012","W","3,341"
"11/24/2012","A","3,943"
"11/25/2012","U","3,266"
"11/26/2012","W","5,746"
"11/27/2012","W","6,204"
"11/28/2012","W","6,404"
"11/29/2012","W","6,662"
"11/30/2012","W","7,398"
"12/01/2012","A","6,467"
"12/02/2012","U","5,225"
"12/03/2012","W","6,208"
"12/04/2012","W","6,345"
"12/05/2012","W","6,392"
"12/06/2012","W","6,616"
"12/07/2012","W","7,115"
"12/08/2012","A","8,845"
"12/09/2012","U","4,226"
"12/10/2012","W","6,040"
"12/11/2012","W","6,200"
"12/12/2012","W","6,228"
"12/13/2012","W","6,680"
"12/14/2012","W","7,448"
"12/15/2012","A","5,662"
"12/16/2012","U","4,869"
"12/17/2012","W","5,950"
"12/18/2012","W","6,043"
"12/19/2012","W","5,996"
"12/20/2012","W","5,554"
"12/21/2012","W","5,603"
"12/22/2012","A","3,851"
"12/23/2012","U","2,861"
"12/24/2012","W","1,940"
"12/25/2012","U","825"
"12/26/2012","W","2,581"
"12/27/2012","W","3,758"
"12/28/2012","W","4,597"
"12/29/2012","A","4,258"
"12/30/2012","U","3,934"
"12/31/2012","W","5,583"
"01/01/2013","U","4,851"
"01/02/2013","W","4,979"
"01/03/2013","W","5,537"
"01/04/2013","W","5,988"
"01/05/2013","A","4,532"
"01/06/2013","U","3,496"
"01/07/2013","W","5,950"
"01/08/2013","W","6,044"
"01/09/2013","W","6,164"
"01/10/2013","W","6,277"
"01/11/2013","W","6,762"
"01/12/2013","A","5,730"
"01/13/2013","U","3,931"
"01/14/2013","W","6,051"
"01/15/2013","W","6,363"
"01/16/2013","W","6,799"
"01/17/2013","W","6,434"
"01/18/2013","W","6,970"
"01/19/2013","A","6,111"
"01/20/2013","U","4,402"
"01/21/2013","W","4,316"
"01/22/2013","W","5,648"
"01/23/2013","W","6,037"
"01/24/2013","W","6,252"
"01/25/2013","W","6,507"
"01/26/2013","A","5,629"
"01/27/2013","U","3,913"
"01/28/2013","W","6,131"
"01/29/2013","W","6,298"
"01/30/2013","W","6,428"
"01/31/2013","W","6,336"
"02/01/2013","W","6,014"
"02/02/2013","A","4,945"
"02/03/2013","U","4,154"
"02/04/2013","W","6,214"
"02/05/2013","W","6,629"
"02/06/2013","W","6,508"
"02/07/2013","W","6,539"
"02/08/2013","W","6,884"
"02/09/2013","A","5,554"
"02/10/2013","U","4,123"
"02/11/2013","W","6,061"
"02/12/2013","W","6,129"
"02/13/2013","W","6,469"
"02/14/2013","W","6,629"
"02/15/2013","W","6,900"
"02/16/2013","A","5,751"
"02/17/2013","U","4,802"
"02/18/2013","W","5,221"
"02/19/2013","W","6,101"
"02/20/2013","W","6,431"
"02/21/2013","W","6,526"
"02/22/2013","W","6,846"
"02/23/2013","A","5,228"
"02/24/2013","U","3,730"
"02/25/2013","W","6,117"
"02/26/2013","W","6,093"
"02/27/2013","W","6,432"
"02/28/2013","W","6,390"
"03/01/2013","W","6,771"
"03/02/2013","A","5,422"
"03/03/2013","U","4,070"
"03/04/2013","W","6,531"
"03/05/2013","W","6,270"
"03/06/2013","W","6,694"
"03/07/2013","W","6,925"
"03/08/2013","W","7,274"
"03/09/2013","A","6,134"
"03/10/2013","U","4,277"
"03/11/2013","W","6,359"
"03/12/2013","W","6,623"
"03/13/2013","W","7,062"
"03/14/2013","W","6,953"
"03/15/2013","W","9,112"
"03/16/2013","A","17,148"
"03/17/2013","U","8,567"
"03/18/2013","W","6,744"
"03/19/2013","W","6,597"
"03/20/2013","W","6,413"
"03/21/2013","W","6,627"
"03/22/2013","W","7,085"
"03/23/2013","A","6,042"
"03/24/2013","U","4,433"
"03/25/2013","W","5,497"
"03/26/2013","W","5,752"
"03/27/2013","W","5,902"
"03/28/2013","W","6,279"
"03/29/2013","W","6,149"
"03/30/2013","A","5,074"
"03/31/2013","U","3,455"
"04/01/2013","W","6,109"
"04/02/2013","W","6,864"
"04/03/2013","W","6,809"
"04/04/2013","W","7,408"
"04/05/2013","W","7,467"
"04/06/2013","A","6,129"
"04/07/2013","U","5,202"
"04/08/2013","W","14,756"
"04/09/2013","W","10,930"
"04/10/2013","W","7,367"
"04/11/2013","W","9,837"
"04/12/2013","W","11,954"
"04/13/2013","A","13,355"
"04/14/2013","U","12,428"
"04/15/2013","W","6,291"
"04/16/2013","W","10,820"
"04/17/2013","W","7,286"
"04/18/2013","W","8,363"
"04/19/2013","W","7,040"
"04/20/2013","A","6,719"
"04/21/2013","U","4,424"
"04/22/2013","W","6,332"
"04/23/2013","W","6,218"
"04/24/2013","W","6,949"
"04/25/2013","W","7,189"
"04/26/2013","W","7,512"
"04/27/2013","A","6,962"
"04/28/2013","U","4,879"
"04/29/2013","W","11,063"
"04/30/2013","W","11,310"
"05/01/2013","W","11,577"
"05/02/2013","W","10,932"
"05/03/2013","W","11,756"
"05/04/2013","A","13,844"
"05/05/2013","U","12,072"
"05/06/2013","W","10,037"
"05/07/2013","W","12,340"
"05/08/2013","W","11,759"
"05/09/2013","W","5,706"
"05/10/2013","W","7,032"
"05/11/2013","A","6,530"
"05/12/2013","U","4,057"
"05/13/2013","W","11,160"
"05/14/2013","W","12,927"
"05/15/2013","W","13,889"
"05/16/2013","W","7,275"
"05/17/2013","W","14,942"
"05/18/2013","A","14,246"
"05/19/2013","U","12,266"
"05/20/2013","W","6,491"
"05/21/2013","W","6,396"
"05/22/2013","W","6,698"
"05/23/2013","W","6,702"
"05/24/2013","W","6,684"
"05/25/2013","A","5,871"
"05/26/2013","U","5,958"
"05/27/2013","U","3,646"
"05/28/2013","W","6,323"
"05/29/2013","W","13,403"
"05/30/2013","W","14,189"
"05/31/2013","W","11,467"
"06/01/2013","A","10,836"
"06/02/2013","U","11,242"
"06/03/2013","W","6,662"
"06/04/2013","W","6,995"
"06/05/2013","W","6,818"
"06/06/2013","W","7,363"
"06/07/2013","W","15,267"
"06/08/2013","A","16,128"
"06/09/2013","U","11,732"
"06/10/2013","W","11,937"
"06/11/2013","W","11,077"
"06/12/2013","W","11,479"
"06/13/2013","W","14,758"
"06/14/2013","W","7,709"
"06/15/2013","A","7,455"
"06/16/2013","U","6,084"
"06/17/2013","W","7,166"
"06/18/2013","W","7,033"
"06/19/2013","W","6,716"
"06/20/2013","W","7,052"
"06/21/2013","W","15,495"
"06/22/2013","A","17,331"
"06/23/2013","U","14,217"
"06/24/2013","W","6,995"
"06/25/2013","W","7,038"
"06/26/2013","W","6,360"
"06/27/2013","W","7,155"
"06/28/2013","W","11,167"
"06/29/2013","A","8,300"
"06/30/2013","U","19,597"
"07/01/2013","W","6,909"
"07/02/2013","W","6,612"
"07/03/2013","W","6,615"
"07/04/2013","U","5,453"
"07/05/2013","W","16,772"
"07/06/2013","A","15,787"
"07/07/2013","U","12,838"
"07/08/2013","W","6,455"
"07/09/2013","W","12,190"
"07/10/2013","W","13,809"
"07/11/2013","W","14,694"
"07/12/2013","W","17,552"
"07/13/2013","A","17,331"
"07/14/2013","U","14,501"
"07/15/2013","W","6,833"
"07/16/2013","W","6,507"
"07/17/2013","W","6,777"
"07/18/2013","W","8,919"
"07/19/2013","W","11,574"
"07/20/2013","A","18,627"
"07/21/2013","U","8,039"
"07/22/2013","W","6,809"
"07/23/2013","W","6,992"
"07/24/2013","W","7,163"
"07/25/2013","W","6,937"
"07/26/2013","W","7,732"
"07/27/2013","A","7,695"
"07/28/2013","U","5,813"
"07/29/2013","W","14,335"
"07/30/2013","W","18,006"
"07/31/2013","W","12,411"
"08/01/2013","W","14,817"
"08/02/2013","W","16,086"
"08/03/2013","A","18,007"
"08/04/2013","U","16,051"
"08/05/2013","W","6,743"
"08/06/2013","W","6,713"
"08/07/2013","W","6,295"
"08/08/2013","W","6,940"
"08/09/2013","W","7,522"
"08/10/2013","A","9,993"
"08/11/2013","U","7,996"
"08/12/2013","W","13,426"
"08/13/2013","W","13,814"
"08/14/2013","W","14,229"
"08/15/2013","W","6,960"
"08/16/2013","W","16,092"
"08/17/2013","A","17,232"
"08/18/2013","U","12,748"
"08/19/2013","W","11,297"
"08/20/2013","W","11,745"
"08/21/2013","W","11,673"
"08/22/2013","W","12,695"
"08/23/2013","W","7,248"
"08/24/2013","A","7,029"
"08/25/2013","U","5,526"
"08/26/2013","W","6,250"
"08/27/2013","W","6,215"
"08/28/2013","W","6,467"
"08/29/2013","W","7,021"
"08/30/2013","W","14,229"
"08/31/2013","A","14,429"
"09/01/2013","U","13,747"
"09/02/2013","U","8,676"
"09/03/2013","W","10,323"
"09/04/2013","W","9,560"
"09/05/2013","W","7,036"
"09/06/2013","W","12,241"
"09/07/2013","A","14,018"
"09/08/2013","U","10,655"
"09/09/2013","W","6,541"
"09/10/2013","W","6,661"
"09/11/2013","W","7,297"
"09/12/2013","W","7,729"
"09/13/2013","W","8,100"
"09/14/2013","A","7,653"
"09/15/2013","U","5,329"
"09/16/2013","W","7,063"
"09/17/2013","W","7,033"
"09/18/2013","W","7,108"
"09/19/2013","W","7,339"
"09/20/2013","W","13,336"
"09/21/2013","A","14,824"
"09/22/2013","U","11,917"
"09/23/2013","W","11,264"
"09/24/2013","W","12,441"
"09/25/2013","W","11,422"
"09/26/2013","W","7,571"
"09/27/2013","W","7,765"
"09/28/2013","A","7,027"
"09/29/2013","U","5,600"
"09/30/2013","W","6,830"
"10/01/2013","W","6,988"
"10/02/2013","W","7,113"
"10/03/2013","W","7,361"
"10/04/2013","W","7,867"
"10/05/2013","A","7,220"
"10/06/2013","U","5,425"
"10/07/2013","W","6,777"
"10/08/2013","W","7,116"
"10/09/2013","W","7,149"
"10/10/2013","W","7,790"
"10/11/2013","W","7,943"
"10/12/2013","A","7,588"
"10/13/2013","U","9,999"
"10/14/2013","W","6,610"
"10/15/2013","W","7,216"
"10/16/2013","W","7,229"
"10/17/2013","W","7,497"
"10/18/2013","W","8,049"
"10/19/2013","A","7,477"
"10/20/2013","U","5,284"
"10/21/2013","W","6,847"
"10/22/2013","W","6,913"
"10/23/2013","W","7,055"
"10/24/2013","W","7,545"
"10/25/2013","W","7,982"
"10/26/2013","A","7,246"
"10/27/2013","U","6,099"
"10/28/2013","W","6,765"
"10/29/2013","W","7,184"
"10/30/2013","W","7,188"
"10/31/2013","W","7,987"
"11/01/2013","W","8,512"
"11/02/2013","A","6,983"
"11/03/2013","U","6,137"
"11/04/2013","W","6,865"
"11/05/2013","W","7,042"
"11/06/2013","W","6,929"
"11/07/2013","W","7,476"
"11/08/2013","W","7,886"
"11/09/2013","A","7,183"
"11/10/2013","U","5,718"
"11/11/2013","W","6,184"
"11/12/2013","W","6,663"
"11/13/2013","W","7,073"
"11/14/2013","W","7,170"
"11/15/2013","W","7,795"
"11/16/2013","A","6,931"
"11/17/2013","U","4,888"
"11/18/2013","W","6,736"
"11/19/2013","W","7,011"
"11/20/2013","W","6,897"
"11/21/2013","W","7,119"
"11/22/2013","W","7,594"
"11/23/2013","A","6,580"
"11/24/2013","U","4,289"
"11/25/2013","W","6,276"
"11/26/2013","W","6,447"
"11/27/2013","W","5,080"
"11/28/2013","U","2,321"
"11/29/2013","W","3,725"
"11/30/2013","A","4,321"
"12/01/2013","U","3,343"
"12/02/2013","W","6,016"
"12/03/2013","W","6,312"
"12/04/2013","W","6,497"
"12/05/2013","W","6,800"
"12/06/2013","W","6,879"
"12/07/2013","A","5,546"
"12/08/2013","U","4,331"
"12/09/2013","W","6,504"
"12/10/2013","W","6,227"
"12/11/2013","W","6,467"
"12/12/2013","W","6,289"
"12/13/2013","W","7,384"
"12/14/2013","A","8,384"
"12/15/2013","U","4,254"
"12/16/2013","W","5,941"
"12/17/2013","W","6,250"
"12/18/2013","W","6,225"
"12/19/2013","W","6,327"
"12/20/2013","W","6,085"
"12/21/2013","A","4,501"
"12/22/2013","U","3,297"
"12/23/2013","W","3,909"
"12/24/2013","W","2,304"
"12/25/2013","U","863"
"12/26/2013","W","2,695"
"12/27/2013","W","4,090"
"12/28/2013","A","4,352"
"12/29/2013","U","3,583"
"12/30/2013","W","4,786"
"12/31/2013","W","6,039"
"01/01/2014","U","5,598"
"01/02/2014","W","4,888"
"01/03/2014","W","5,492"
"01/04/2014","A","4,375"
"01/05/2014","U","3,139"
"01/06/2014","W","2,281"
"01/07/2014","W","4,404"
"01/08/2014","W","6,097"
"01/09/2014","W","6,537"
"01/10/2014","W","6,576"
"01/11/2014","A","5,376"
"01/12/2014","U","4,429"
"01/13/2014","W","6,415"
"01/14/2014","W","6,513"
"01/15/2014","W","6,410"
"01/16/2014","W","6,529"
"01/17/2014","W","6,688"
"01/18/2014","A","5,169"
"01/19/2014","U","4,752"
"01/20/2014","W","5,084"
"01/21/2014","W","6,264"
"01/22/2014","W","6,196"
"01/23/2014","W","6,131"
"01/24/2014","W","6,194"
"01/25/2014","A","4,895"
"01/26/2014","U","3,882"
"01/27/2014","W","4,320"
"01/28/2014","W","4,500"
"01/29/2014","W","6,355"
"01/30/2014","W","6,613"
"01/31/2014","W","6,794"
"02/01/2014","A","5,395"
"02/02/2014","U","4,292"
"02/03/2014","W","6,279"
"02/04/2014","W","6,421"
"02/05/2014","W","6,660"
"02/06/2014","W","6,409"
"02/07/2014","W","6,521"
"02/08/2014","A","5,175"
"02/09/2014","U","3,873"
"02/10/2014","W","6,042"
"02/11/2014","W","6,429"
"02/12/2014","W","6,196"
"02/13/2014","W","6,939"
"02/14/2014","W","6,763"
"02/15/2014","A","5,634"
"02/16/2014","U","4,659"
"02/17/2014","W","5,265"
"02/18/2014","W","6,602"
"02/19/2014","W","6,752"
"02/20/2014","W","6,869"
"02/21/2014","W","6,981"
"02/22/2014","A","6,009"
"02/23/2014","U","4,498"
"02/24/2014","W","6,287"
"02/25/2014","W","6,473"
"02/26/2014","W","6,211"
"02/27/2014","W","6,260"
"02/28/2014","W","6,785"
"03/01/2014","A","5,634"
"03/02/2014","U","3,886"
"03/03/2014","W","6,044"
"03/04/2014","W","6,731"
"03/05/2014","W","6,793"
"03/06/2014","W","6,705"
"03/07/2014","W","6,993"
"03/08/2014","A","6,672"
"03/09/2014","U","4,362"
"03/10/2014","W","6,628"
"03/11/2014","W","6,786"
"03/12/2014","W","6,612"
"03/13/2014","W","7,195"
"03/14/2014","W","8,316"
"03/15/2014","A","15,041"
"03/16/2014","U","7,520"
"03/17/2014","W","7,009"
"03/18/2014","W","7,200"
"03/19/2014","W","7,011"
"03/20/2014","W","6,923"
"03/21/2014","W","7,346"
"03/22/2014","A","5,743"
"03/23/2014","U","4,051"
"03/24/2014","W","5,995"
"03/25/2014","W","6,070"
"03/26/2014","W","6,196"
"03/27/2014","W","6,441"
"03/28/2014","W","7,149"
"03/29/2014","A","5,885"
"03/30/2014","U","5,169"
"03/31/2014","W","6,673"
"04/01/2014","W","7,011"
"04/02/2014","W","7,124"
"04/03/2014","W","7,124"
"04/04/2014","W","15,808"
"04/05/2014","A","13,777"
"04/06/2014","U","10,447"
"04/07/2014","W","6,414"
"04/08/2014","W","9,944"
"04/09/2014","W","10,975"
"04/10/2014","W","11,068"
"04/11/2014","W","7,715"
"04/12/2014","A","7,664"
"04/13/2014","U","4,560"
"04/14/2014","W","5,978"
"04/15/2014","W","6,484"
"04/16/2014","W","6,774"
"04/17/2014","W","6,973"
"04/18/2014","W","14,361"
"04/19/2014","A","14,053"
"04/20/2014","U","9,534"
"04/21/2014","W","9,336"
"04/22/2014","W","12,613"
"04/23/2014","W","14,204"
"04/24/2014","W","12,066"
"04/25/2014","W","7,639"
"04/26/2014","A","7,331"
"04/27/2014","U","4,676"
"04/28/2014","W","6,295"
"04/29/2014","W","6,653"
"04/30/2014","W","6,630"
"05/01/2014","W","7,039"
"05/02/2014","W","13,438"
"05/03/2014","A","13,938"
"05/04/2014","U","9,366"
"05/05/2014","W","12,376"
"05/06/2014","W","13,203"
"05/07/2014","W","7,172"
"05/08/2014","W","7,425"
"05/09/2014","W","7,472"
"05/10/2014","A","6,071"
"05/11/2014","U","4,281"
"05/12/2014","W","6,416"
"05/13/2014","W","6,929"
"05/14/2014","W","6,884"
"05/15/2014","W","6,948"
"05/16/2014","W","13,543"
"05/17/2014","A","13,078"
"05/18/2014","U","11,709"
"05/19/2014","W","6,778"
"05/20/2014","W","14,919"
"05/21/2014","W","15,569"
"05/22/2014","W","7,522"
"05/23/2014","W","8,366"
"05/24/2014","A","6,390"
"05/25/2014","U","5,897"
"05/26/2014","U","4,163"
"05/27/2014","W","6,326"
"05/28/2014","W","6,767"
"05/29/2014","W","6,857"
"05/30/2014","W","7,439"
"05/31/2014","A","6,892"
"06/01/2014","U","5,349"
"06/02/2014","W","6,562"
"06/03/2014","W","12,761"
"06/04/2014","W","11,050"
"06/05/2014","W","12,962"
"06/06/2014","W","14,171"
"06/07/2014","A","13,737"
"06/08/2014","U","11,898"
"06/09/2014","W","6,732"
"06/10/2014","W","6,671"
"06/11/2014","W","6,776"
"06/12/2014","W","7,301"
"06/13/2014","W","8,164"
"06/14/2014","A","7,495"
"06/15/2014","U","4,889"
"06/16/2014","W","6,564"
"06/17/2014","W","6,607"
"06/18/2014","W","6,501"
"06/19/2014","W","6,612"
"06/20/2014","W","15,856"
"06/21/2014","A","17,043"
"06/22/2014","U","16,026"
"06/23/2014","W","12,243"
"06/24/2014","W","12,414"
"06/25/2014","W","12,414"
"06/26/2014","W","12,418"
"06/27/2014","W","14,275"
"06/28/2014","A","21,331"
"06/29/2014","U","20,653"
"06/30/2014","W","6,530"
"07/01/2014","W","6,491"
"07/02/2014","W","6,340"
"07/03/2014","W","6,427"
"07/04/2014","U","5,589"
"07/05/2014","A","6,199"
"07/06/2014","U","4,579"
"07/07/2014","W","6,273"
"07/08/2014","W","6,709"
"07/09/2014","W","6,577"
"07/10/2014","W","6,868"
"07/11/2014","W","17,521"
"07/12/2014","A","14,595"
"07/13/2014","U","14,405"
"07/14/2014","W","6,372"
"07/15/2014","W","6,518"
"07/16/2014","W","6,543"
"07/17/2014","W","6,710"
"07/18/2014","W","12,834"
"07/19/2014","A","15,376"
"07/20/2014","U","7,041"
"07/21/2014","W","6,449"
"07/22/2014","W","14,036"
"07/23/2014","W","13,009"
"07/24/2014","W","13,639"
"07/25/2014","W","18,074"
"07/26/2014","A","18,637"
"07/27/2014","U","13,310"
"07/28/2014","W","11,865"
"07/29/2014","W","11,117"
"07/30/2014","W","13,048"
"07/31/2014","W","15,044"
"08/01/2014","W","8,003"
"08/02/2014","A","7,746"
"08/03/2014","U","6,025"
"08/04/2014","W","6,424"
"08/05/2014","W","6,682"
"08/06/2014","W","6,684"
"08/07/2014","W","6,621"
"08/08/2014","W","17,230"
"08/09/2014","A","18,608"
"08/10/2014","U","15,122"
"08/11/2014","W","11,406"
"08/12/2014","W","11,285"
"08/13/2014","W","12,487"
"08/14/2014","W","13,849"
"08/15/2014","W","6,684"
"08/16/2014","A","6,744"
"08/17/2014","U","4,835"
"08/18/2014","W","6,075"
"08/19/2014","W","12,073"
"08/20/2014","W","12,882"
"08/21/2014","W","11,947"
"08/22/2014","W","15,871"
"08/23/2014","A","15,679"
"08/24/2014","U","11,614"
"08/25/2014","W","5,988"
"08/26/2014","W","6,252"
"08/27/2014","W","6,528"
"08/28/2014","W","6,664"
"08/29/2014","W","6,923"
"08/30/2014","A","6,619"
"08/31/2014","U","5,870"
"09/01/2014","U","10,030"
"09/02/2014","W","10,202"
"09/03/2014","W","11,240"
"09/04/2014","W","7,169"
"09/05/2014","W","13,793"
"09/06/2014","A","14,481"
"09/07/2014","U","10,847"
"09/08/2014","W","6,769"
"09/09/2014","W","6,998"
"09/10/2014","W","7,118"
"09/11/2014","W","7,615"
"09/12/2014","W","7,338"
"09/13/2014","A","11,475"
"09/14/2014","U","6,857"
"09/15/2014","W","11,290"
"09/16/2014","W","10,873"
"09/17/2014","W","10,779"
"09/18/2014","W","12,659"
"09/19/2014","W","15,329"
"09/20/2014","A","14,146"
"09/21/2014","U","11,475"
"09/22/2014","W","11,230"
"09/23/2014","W","11,407"
"09/24/2014","W","12,303"
"09/25/2014","W","7,691"
"09/26/2014","W","7,910"
"09/27/2014","A","6,788"
"09/28/2014","U","5,241"
"09/29/2014","W","6,940"
"09/30/2014","W","7,005"
"10/01/2014","W","7,298"
"10/02/2014","W","7,355"
"10/03/2014","W","7,358"
"10/04/2014","A","5,963"
"10/05/2014","U","4,521"
"10/06/2014","W","6,944"
"10/07/2014","W","7,071"
"10/08/2014","W","7,356"
"10/09/2014","W","7,379"
"10/10/2014","W","7,792"
"10/11/2014","A","6,746"
"10/12/2014","U","9,000"
"10/13/2014","W","6,518"
"10/14/2014","W","6,933"
"10/15/2014","W","7,303"
"10/16/2014","W","7,543"
"10/17/2014","W","8,075"
"10/18/2014","A","7,140"
"10/19/2014","U","5,067"
"10/20/2014","W","6,985"
"10/21/2014","W","7,147"
"10/22/2014","W","7,189"
"10/23/2014","W","7,390"
"10/24/2014","W","7,646"
"10/25/2014","A","6,503"
"10/26/2014","U","5,412"
"10/27/2014","W","6,760"
"10/28/2014","W","7,077"
"10/29/2014","W","7,144"
"10/30/2014","W","7,466"
"10/31/2014","W","8,308"
"11/01/2014","A","8,134"
"11/02/2014","U","5,818"
"11/03/2014","W","6,933"
"11/04/2014","W","6,923"
"11/05/2014","W","7,323"
"11/06/2014","W","7,447"
"11/07/2014","W","7,342"
"11/08/2014","A","6,292"
"11/09/2014","U","5,032"
"11/10/2014","W","7,059"
"11/11/2014","W","6,465"
"11/12/2014","W","6,968"
"11/13/2014","W","6,942"
"11/14/2014","W","7,214"
"11/15/2014","A","5,968"
"11/16/2014","U","4,435"
"11/17/2014","W","6,446"
"11/18/2014","W","7,211"
"11/19/2014","W","6,729"
"11/20/2014","W","6,766"
"11/21/2014","W","6,979"
"11/22/2014","A","6,182"
"11/23/2014","U","4,591"
"11/24/2014","W","6,323"
"11/25/2014","W","6,505"
"11/26/2014","W","5,158"
"11/27/2014","U","2,085"
"11/28/2014","W","3,275"
"11/29/2014","A","3,677"
"11/30/2014","U","3,064"
"12/01/2014","W","5,915"
"12/02/2014","W","6,229"
"12/03/2014","W","6,677"
"12/04/2014","W","6,902"
"12/05/2014","W","7,072"
"12/06/2014","A","5,500"
"12/07/2014","U","4,026"
"12/08/2014","W","6,217"
"12/09/2014","W","6,354"
"12/10/2014","W","6,340"
"12/11/2014","W","6,608"
"12/12/2014","W","6,967"
"12/13/2014","A","7,302"
"12/14/2014","U","4,525"
"12/15/2014","W","6,247"
"12/16/2014","W","6,321"
"12/17/2014","W","6,128"
"12/18/2014","W","6,110"
"12/19/2014","W","6,375"
"12/20/2014","A","4,756"
"12/21/2014","U","3,767"
"12/22/2014","W","4,808"
"12/23/2014","W","4,404"
"12/24/2014","W","2,390"
"12/25/2014","U","851"
"12/26/2014","W","2,540"
"12/27/2014","A","2,974"
"12/28/2014","U","2,562"
"12/29/2014","W","4,344"
"12/30/2014","W","4,575"
"12/31/2014","W","8,034"
"01/01/2015","U","5,035"
"01/02/2015","W","4,723"
"01/03/2015","A","3,721"
"01/04/2015","U","3,014"
"01/05/2015","W","5,833"
"01/06/2015","W","5,980"
"01/07/2015","W","4,671"
"01/08/2015","W","5,140"
"01/09/2015","W","5,841"
"01/10/2015","A","4,142"
"01/11/2015","U","3,582"
"01/12/2015","W","6,435"
"01/13/2015","W","6,394"
"01/14/2015","W","6,357"
"01/15/2015","W","6,547"
"01/16/2015","W","6,832"
"01/17/2015","A","5,479"
"01/18/2015","U","4,145"
"01/19/2015","W","4,923"
"01/20/2015","W","6,427"
"01/21/2015","W","6,605"
"01/22/2015","W","6,695"
"01/23/2015","W","6,860"
"01/24/2015","A","5,071"
"01/25/2015","U","3,753"
"01/26/2015","W","6,870"
"01/27/2015","W","6,663"
"01/28/2015","W","6,753"
"01/29/2015","W","6,657"
"01/30/2015","W","6,778"
"01/31/2015","A","5,293"
"02/01/2015","U","3,927"
"02/02/2015","W","5,460"
"02/03/2015","W","6,893"
"02/04/2015","W","6,850"
"02/05/2015","W","6,896"
"02/06/2015","W","6,900"
"02/07/2015","A","5,628"
"02/08/2015","U","3,988"
"02/09/2015","W","6,409"
"02/10/2015","W","6,689"
"02/11/2015","W","6,603"
"02/12/2015","W","6,496"
"02/13/2015","W","6,497"
"02/14/2015","A","4,157"
"02/15/2015","U","3,210"
"02/16/2015","W","4,981"
"02/17/2015","W","6,433"
"02/18/2015","W","6,273"
"02/19/2015","W","5,306"
"02/20/2015","W","6,317"
"02/21/2015","A","4,865"
"02/22/2015","U","3,710"
"02/23/2015","W","5,875"
"02/24/2015","W","6,267"
"02/25/2015","W","6,467"
"02/26/2015","W","6,675"
"02/27/2015","W","6,507"
"02/28/2015","A","4,668"
"03/01/2015","U","3,663"
"03/02/2015","W","6,258"
"03/03/2015","W","6,822"
"03/04/2015","W","6,599"
"03/05/2015","W","6,680"
"03/06/2015","W","6,570"
"03/07/2015","A","5,253"
"03/08/2015","U","3,881"
"03/09/2015","W","6,586"
"03/10/2015","W","6,694"
"03/11/2015","W","7,081"
"03/12/2015","W","7,073"
"03/13/2015","W","7,788"
"03/14/2015","A","16,372"
"03/15/2015","U","6,584"
"03/16/2015","W","6,769"
"03/17/2015","W","7,129"
"03/18/2015","W","7,072"
"03/19/2015","W","6,913"
"03/20/2015","W","7,023"
"03/21/2015","A","5,330"
"03/22/2015","U","3,549"
"03/23/2015","W","5,713"
"03/24/2015","W","6,255"
"03/25/2015","W","6,417"
"03/26/2015","W","6,530"
"03/27/2015","W","6,611"
"03/28/2015","A","5,015"
"03/29/2015","U","3,845"
"03/30/2015","W","7,152"
"03/31/2015","W","7,014"
"04/01/2015","W","7,370"
"04/02/2015","W","7,313"
"04/03/2015","W","6,622"
"04/04/2015","A","5,591"
"04/05/2015","U","12,720"
"04/06/2015","W","6,989"
"04/07/2015","W","7,143"
"04/08/2015","W","11,413"
"04/09/2015","W","6,422"
"04/10/2015","W","7,004"
"04/11/2015","A","5,920"
"04/12/2015","U","4,456"
"04/13/2015","W","10,781"
"04/14/2015","W","11,311"
"04/15/2015","W","10,941"
"04/16/2015","W","7,203"
"04/17/2015","W","13,545"
"04/18/2015","A","14,286"
"04/19/2015","U","9,501"
"04/20/2015","W","6,437"
"04/21/2015","W","6,798"
"04/22/2015","W","6,858"
"04/23/2015","W","7,388"
"04/24/2015","W","7,307"
"04/25/2015","A","6,393"
"04/26/2015","U","4,482"
"04/27/2015","W","10,144"
"04/28/2015","W","11,122"
"04/29/2015","W","11,635"
"04/30/2015","W","7,378"
"05/01/2015","W","13,325"
"05/02/2015","A","13,080"
"05/03/2015","U","11,710"
"05/04/2015","W","6,626"
"05/05/2015","W","7,003"
"05/06/2015","W","7,095"
"05/07/2015","W","7,290"
"05/08/2015","W","7,109"
"05/09/2015","A","5,238"
"05/10/2015","U","3,573"
"05/11/2015","W","11,615"
"05/12/2015","W","12,110"
"05/13/2015","W","12,427"
"05/14/2015","W","12,688"
"05/15/2015","W","14,178"
"05/16/2015","A","13,501"
"05/17/2015","U","10,902"
"05/18/2015","W","6,837"
"05/19/2015","W","6,721"
"05/20/2015","W","6,944"
"05/21/2015","W","7,188"
"05/22/2015","W","7,051"
"05/23/2015","A","5,999"
"05/24/2015","U","5,252"
"05/25/2015","U","11,536"
"05/26/2015","W","11,243"
"05/27/2015","W","13,152"
"05/28/2015","W","7,320"
"05/29/2015","W","14,853"
"05/30/2015","A","10,310"
"05/31/2015","U","11,675"
"06/01/2015","W","6,601"
"06/02/2015","W","6,864"
"06/03/2015","W","7,374"
"06/04/2015","W","7,116"
"06/05/2015","W","7,336"
"06/06/2015","A","7,061"
"06/07/2015","U","5,006"
"06/08/2015","W","6,695"
"06/09/2015","W","7,016"
"06/10/2015","W","7,199"
"06/11/2015","W","14,270"
"06/12/2015","W","17,088"
"06/13/2015","A","15,777"
"06/14/2015","U","11,471"
"06/15/2015","W","12,993"
"06/16/2015","W","17,385"
"06/17/2015","W","7,381"
"06/18/2015","W","10,684"
"06/19/2015","W","7,880"
"06/20/2015","A","9,069"
"06/21/2015","U","6,800"
"06/22/2015","W","13,172"
"06/23/2015","W","14,736"
"06/24/2015","W","14,391"
"06/25/2015","W","16,811"
"06/26/2015","W","7,240"
"06/27/2015","A","7,103"
"06/28/2015","U","20,435"
"06/29/2015","W","6,727"
"06/30/2015","W","6,713"
"07/01/2015","W","6,546"
"07/02/2015","W","6,670"
"07/03/2015","U","17,161"
"07/04/2015","A","13,462"
"07/05/2015","U","12,702"
"07/06/2015","W","14,597"
"07/07/2015","W","19,899"
"07/08/2015","W","15,399"
"07/09/2015","W","7,280"
"07/10/2015","W","17,379"
"07/11/2015","A","16,030"
"07/12/2015","U","13,853"
"07/13/2015","W","6,077"
"07/14/2015","W","6,452"
"07/15/2015","W","6,423"
"07/16/2015","W","6,584"
"07/17/2015","W","7,284"
"07/18/2015","A","8,087"
"07/19/2015","U","5,931"
"07/20/2015","W","6,443"
"07/21/2015","W","6,731"
"07/22/2015","W","6,771"
"07/23/2015","W","6,969"
"07/24/2015","W","18,390"
"07/25/2015","A","16,159"
"07/26/2015","U","14,242"
"07/27/2015","W","13,823"
"07/28/2015","W","14,877"
"07/29/2015","W","16,182"
"07/30/2015","W","7,151"
"07/31/2015","W","8,157"
"08/01/2015","A","7,763"
"08/02/2015","U","5,992"
"08/03/2015","W","6,520"
"08/04/2015","W","6,441"
"08/05/2015","W","6,598"
"08/06/2015","W","16,539"
"08/07/2015","W","18,301"
"08/08/2015","A","18,838"
"08/09/2015","U","12,213"
"08/10/2015","W","6,196"
"08/11/2015","W","11,549"
"08/12/2015","W","11,635"
"08/13/2015","W","13,636"
"08/14/2015","W","6,660"
"08/15/2015","A","7,163"
"08/16/2015","U","5,153"
"08/17/2015","W","6,077"
"08/18/2015","W","13,961"
"08/19/2015","W","18,386"
"08/20/2015","W","13,882"
"08/21/2015","W","15,864"
"08/22/2015","A","14,369"
"08/23/2015","U","12,328"
"08/24/2015","W","12,171"
"08/25/2015","W","6,289"
"08/26/2015","W","6,499"
"08/27/2015","W","12,877"
"08/28/2015","W","8,256"
"08/29/2015","A","12,163"
"08/30/2015","U","6,274"
"08/31/2015","W","13,132"
"09/01/2015","W","12,800"
"09/02/2015","W","12,911"
"09/03/2015","W","6,924"
"09/04/2015","W","15,715"
"09/05/2015","A","14,596"
"09/06/2015","U","16,425"
"09/07/2015","U","4,125"
"09/08/2015","W","6,485"
"09/09/2015","W","7,367"
"09/10/2015","W","7,583"
"09/11/2015","W","13,494"
"09/12/2015","A","8,060"
"09/13/2015","U","6,056"
"09/14/2015","W","7,170"
"09/15/2015","W","14,353"
"09/16/2015","W","8,032"
"09/17/2015","W","7,563"
"09/18/2015","W","18,309"
"09/19/2015","A","16,211"
"09/20/2015","U","13,845"
"09/21/2015","W","13,614"
"09/22/2015","W","14,083"
"09/23/2015","W","14,388"
"09/24/2015","W","7,847"
"09/25/2015","W","17,334"
"09/26/2015","A","15,988"
"09/27/2015","U","12,493"
"09/28/2015","W","14,479"
"09/29/2015","W","7,699"
"09/30/2015","W","7,395"
"10/01/2015","W","7,594"
"10/02/2015","W","8,009"
"10/03/2015","A","6,233"
"10/04/2015","U","5,100"
"10/05/2015","W","7,089"
"10/06/2015","W","7,299"
"10/07/2015","W","10,823"
"10/08/2015","W","8,395"
"10/09/2015","W","8,894"
"10/10/2015","A","8,204"
"10/11/2015","U","9,164"
"10/12/2015","W","16,616"
"10/13/2015","W","18,122"
"10/14/2015","W","7,970"
"10/15/2015","W","8,074"
"10/16/2015","W","8,923"
"10/17/2015","A","9,082"
"10/18/2015","U","6,206"
"10/19/2015","W","7,728"
"10/20/2015","W","17,618"
"10/21/2015","W","18,512"
"10/22/2015","W","8,646"
"10/23/2015","W","7,969"
"10/24/2015","A","6,023"
"10/25/2015","U","5,307"
"10/26/2015","W","7,152"
"10/27/2015","W","7,193"
"10/28/2015","W","7,515"
"10/29/2015","W","7,903"
"10/30/2015","W","8,576"
"10/31/2015","A","6,431"
"11/01/2015","U","6,841"
"11/02/2015","W","7,271"
"11/03/2015","W","7,334"
"11/04/2015","W","7,520"
"11/05/2015","W","7,698"
"11/06/2015","W","7,833"
"11/07/2015","A","6,226"
"11/08/2015","U","4,991"
"11/09/2015","W","7,170"
"11/10/2015","W","7,266"
"11/11/2015","W","6,801"
"11/12/2015","W","7,325"
"11/13/2015","W","7,339"
"11/14/2015","A","5,828"
"11/15/2015","U","4,445"
"11/16/2015","W","6,994"
"11/17/2015","W","6,893"
"11/18/2015","W","6,936"
"11/19/2015","W","7,956"
"11/20/2015","W","7,584"
"11/21/2015","A","5,382"
"11/22/2015","U","4,156"
"11/23/2015","W","6,631"
"11/24/2015","W","6,779"
"11/25/2015","W","5,326"
"11/26/2015","U","1,943"
"11/27/2015","W","2,714"
"11/28/2015","A","3,530"
"11/29/2015","U","2,892"
"11/30/2015","W","6,061"
"12/01/2015","W","6,519"
"12/02/2015","W","6,719"
"12/03/2015","W","6,752"
"12/04/2015","W","7,244"
"12/05/2015","A","5,815"
"12/06/2015","U","4,184"
"12/07/2015","W","6,349"
"12/08/2015","W","6,548"
"12/09/2015","W","6,771"
"12/10/2015","W","6,923"
"12/11/2015","W","7,226"
"12/12/2015","A","6,669"
"12/13/2015","U","3,958"
"12/14/2015","W","6,210"
"12/15/2015","W","6,472"
"12/16/2015","W","6,456"
"12/17/2015","W","6,513"
"12/18/2015","W","6,438"
"12/19/2015","A","4,520"
"12/20/2015","U","3,286"
"12/21/2015","W","5,073"
"12/22/2015","W","5,102"
"12/23/2015","W","4,013"
"12/24/2015","W","2,394"
"12/25/2015","U","946"
"12/26/2015","A","1,891"
"12/27/2015","U","2,213"
"12/28/2015","W","3,446"
"12/29/2015","W","4,380"
"12/30/2015","W","4,641"
"12/31/2015","W","5,467"
"01/01/2016","U","5,631"
"01/02/2016","A","3,775"
"01/03/2016","U","3,126"
"01/04/2016","W","6,311"
"01/05/2016","W","6,427"
"01/06/2016","W","6,481"
"01/07/2016","W","6,703"
"01/08/2016","W","6,610"
"01/09/2016","A","4,256"
"01/10/2016","U","2,975"
"01/11/2016","W","6,103"
"01/12/2016","W","6,349"
"01/13/2016","W","6,219"
"01/14/2016","W","6,643"
"01/15/2016","W","6,787"
"01/16/2016","A","4,582"
"01/17/2016","U","3,078"
"01/18/2016","W","3,685"
"01/19/2016","W","6,245"
"01/20/2016","W","6,520"
"01/21/2016","W","6,680"
"01/22/2016","W","6,811"
"01/23/2016","A","4,601"
"01/24/2016","U","3,711"
"01/25/2016","W","6,435"
"01/26/2016","W","6,695"
"01/27/2016","W","6,576"
"01/28/2016","W","6,781"
"01/29/2016","W","6,823"
"01/30/2016","A","4,865"
"01/31/2016","U","3,613"
"02/01/2016","W","6,562"
"02/02/2016","W","6,421"
"02/03/2016","W","6,681"
"02/04/2016","W","6,832"
"02/05/2016","W","6,435"
"02/06/2016","A","4,746"
"02/07/2016","U","4,047"
"02/08/2016","W","6,216"
"02/09/2016","W","6,412"
"02/10/2016","W","6,357"
"02/11/2016","W","6,526"
"02/12/2016","W","6,417"
"02/13/2016","A","4,329"
"02/14/2016","U","3,589"
"02/15/2016","W","5,056"
"02/16/2016","W","6,602"
"02/17/2016","W","6,625"
"02/18/2016","W","6,793"
"02/19/2016","W","6,839"
"02/20/2016","A","5,550"
"02/21/2016","U","3,808"
"02/22/2016","W","6,460"
"02/23/2016","W","6,676"
"02/24/2016","W","6,333"
"02/25/2016","W","6,844"
"02/26/2016","W","6,766"
"02/27/2016","A","4,934"
"02/28/2016","U","3,766"
"02/29/2016","W","6,309"
"03/01/2016","W","6,605"
"03/02/2016","W","6,487"
"03/03/2016","W","6,677"
"03/04/2016","W","6,732"
"03/05/2016","A","5,065"
"03/06/2016","U","3,863"
"03/07/2016","W","6,687"
"03/08/2016","W","7,228"
"03/09/2016","W","6,719"
"03/10/2016","W","6,786"
"03/11/2016","W","7,469"
"03/12/2016","A","13,541"
"03/13/2016","U","4,633"
"03/14/2016","W","6,759"
"03/15/2016","W","6,698"
"03/16/2016","W","6,850"
"03/17/2016","W","7,318"
"03/18/2016","W","7,145"
"03/19/2016","A","5,008"
"03/20/2016","U","3,612"
"03/21/2016","W","6,104"
"03/22/2016","W","5,961"
"03/23/2016","W","6,110"
"03/24/2016","W","6,077"
"03/25/2016","W","6,030"
"03/26/2016","A","4,511"
"03/27/2016","U","2,926"
"03/28/2016","W","6,408"
"03/29/2016","W","6,990"
"03/30/2016","W","7,085"
"03/31/2016","W","6,800"
"04/01/2016","W","7,024"
"04/02/2016","A","4,992"
"04/03/2016","U","4,234"
"04/04/2016","W","6,559"
"04/05/2016","W","6,953"
"04/06/2016","W","6,887"
"04/07/2016","W","7,257"
"04/08/2016","W","7,132"
"04/09/2016","A","5,467"
"04/10/2016","U","3,818"
"04/11/2016","W","15,232"
"04/12/2016","W","7,609"
"04/13/2016","W","13,079"
"04/14/2016","W","13,863"
"04/15/2016","W","14,510"
"04/16/2016","A","14,696"
"04/17/2016","U","13,042"
"04/18/2016","W","6,670"
"04/19/2016","W","6,489"
"04/20/2016","W","6,663"
"04/21/2016","W","7,250"
"04/22/2016","W","6,766"
"04/23/2016","A","6,679"
"04/24/2016","U","4,327"
"04/25/2016","W","6,825"
"04/26/2016","W","13,022"
"04/27/2016","W","10,275"
"04/28/2016","W","13,030"
"04/29/2016","W","14,023"
"04/30/2016","A","7,509"
"05/01/2016","U","10,388"
"05/02/2016","W","6,701"
"05/03/2016","W","6,755"
"05/04/2016","W","6,861"
"05/05/2016","W","13,531"
"05/06/2016","W","16,186"
"05/07/2016","A","13,348"
"05/08/2016","U","11,734"
"05/09/2016","W","10,158"
"05/10/2016","W","11,395"
"05/11/2016","W","16,727"
"05/12/2016","W","7,253"
"05/13/2016","W","15,705"
"05/14/2016","A","13,693"
"05/15/2016","U","12,530"
"05/16/2016","W","6,865"
"05/17/2016","W","6,657"
"05/18/2016","W","6,922"
"05/19/2016","W","7,219"
"05/20/2016","W","6,929"
"05/21/2016","A","5,478"
"05/22/2016","U","4,332"
"05/23/2016","W","6,755"
"05/24/2016","W","6,960"
"05/25/2016","W","6,613"
"05/26/2016","W","7,315"
"05/27/2016","W","17,054"
"05/28/2016","A","14,281"
"05/29/2016","U","15,883"
"05/30/2016","U","13,037"
"05/31/2016","W","13,287"
"06/01/2016","W","13,930"
"06/02/2016","W","15,552"
"06/03/2016","W","16,339"
"06/04/2016","A","13,089"
"06/05/2016","U","12,281"
"06/06/2016","W","6,865"
"06/07/2016","W","7,237"
"06/08/2016","W","7,154"
"06/09/2016","W","7,324"
"06/10/2016","W","7,972"
"06/11/2016","A","6,725"
"06/12/2016","U","5,288"
"06/13/2016","W","6,874"
"06/14/2016","W","6,940"
"06/15/2016","W","7,115"
"06/16/2016","W","7,444"
"06/17/2016","W","18,792"
"06/18/2016","A","16,410"
"06/19/2016","U","15,910"
"06/20/2016","W","15,414"
"06/21/2016","W","15,637"
"06/22/2016","W","15,757"
"06/23/2016","W","6,839"
"06/24/2016","W","11,847"
"06/25/2016","A","11,572"
"06/26/2016","U","13,760"
"06/27/2016","W","6,477"
"06/28/2016","W","6,454"
"06/29/2016","W","6,666"
"06/30/2016","W","13,251"
"07/01/2016","W","6,747"
"07/02/2016","A","5,012"
"07/03/2016","U","4,707"
"07/04/2016","U","11,633"
"07/05/2016","W","15,154"
"07/06/2016","W","15,837"
"07/07/2016","W","11,653"
"07/08/2016","W","10,130"
"07/09/2016","A","5,783"
"07/10/2016","U","4,400"
"07/11/2016","W","6,448"
"07/12/2016","W","6,733"
"07/13/2016","W","6,404"
"07/14/2016","W","6,984"
"07/15/2016","W","18,389"
"07/16/2016","A","16,245"
"07/17/2016","U","12,972"
"07/18/2016","W","15,855"
"07/19/2016","W","15,887"
"07/20/2016","W","16,615"
"07/21/2016","W","6,995"
"07/22/2016","W","6,941"
"07/23/2016","A","7,245"
"07/24/2016","U","4,266"
"07/25/2016","W","6,566"
"07/26/2016","W","7,365"
"07/27/2016","W","15,788"
"07/28/2016","W","16,025"
"07/29/2016","W","19,512"
"07/30/2016","A","15,636"
"07/31/2016","U","13,463"
"08/01/2016","W","15,915"
"08/02/2016","W","14,482"
"08/03/2016","W","16,427"
"08/04/2016","W","6,742"
"08/05/2016","W","6,940"
"08/06/2016","A","5,833"
"08/07/2016","U","4,520"
"08/08/2016","W","6,473"
"08/09/2016","W","14,536"
"08/10/2016","W","14,662"
"08/11/2016","W","15,078"
"08/12/2016","W","16,293"
"08/13/2016","A","17,128"
"08/14/2016","U","14,047"
"08/15/2016","W","6,662"
"08/16/2016","W","20,391"
"08/17/2016","W","14,492"
"08/18/2016","W","15,851"
"08/19/2016","W","7,647"
"08/20/2016","A","11,899"
"08/21/2016","U","8,345"
"08/22/2016","W","13,554"
"08/23/2016","W","7,796"
"08/24/2016","W","6,078"
"08/25/2016","W","6,488"
"08/26/2016","W","13,664"
"08/27/2016","A","10,650"
"08/28/2016","U","4,884"
"08/29/2016","W","12,011"
"08/30/2016","W","15,319"
"08/31/2016","W","12,792"
"09/01/2016","W","14,170"
"09/02/2016","W","16,222"
"09/03/2016","A","15,040"
"09/04/2016","U","15,482"
"09/05/2016","U","3,919"
"09/06/2016","W","6,793"
"09/07/2016","W","6,826"
"09/08/2016","W","7,124"
"09/09/2016","W","7,771"
"09/10/2016","A","6,305"
"09/11/2016","U","4,584"
"09/12/2016","W","7,020"
"09/13/2016","W","7,300"
"09/14/2016","W","7,314"
"09/15/2016","W","14,586"
"09/16/2016","W","17,834"
"09/17/2016","A","14,748"
"09/18/2016","U","10,813"
"09/19/2016","W","11,624"
"09/20/2016","W","12,516"
"09/21/2016","W","12,325"
"09/22/2016","W","7,674"
"09/23/2016","W","14,915"
"09/24/2016","A","12,705"
"09/25/2016","U","12,045"
"09/26/2016","W","7,202"
"09/27/2016","W","7,004"
"09/28/2016","W","6,768"
"09/29/2016","W","7,145"
"09/30/2016","W","7,064"
"10/01/2016","A","5,429"
"10/02/2016","U","4,351"
"10/03/2016","W","6,869"
"10/04/2016","W","7,054"
"10/05/2016","W","7,207"
"10/06/2016","W","7,345"
"10/07/2016","W","16,454"
"10/08/2016","A","17,757"
"10/09/2016","U","9,062"
"10/10/2016","W","6,793"
"10/11/2016","W","7,799"
"10/12/2016","W","7,196"
"10/13/2016","W","7,456"
"10/14/2016","W","7,876"
"10/15/2016","A","15,940"
"10/16/2016","U","15,048"
"10/17/2016","W","7,359"
"10/18/2016","W","7,283"
"10/19/2016","W","7,351"
"10/20/2016","W","7,542"
"10/21/2016","W","7,757"
"10/22/2016","A","20,103"
"10/23/2016","U","10,094"
"10/24/2016","W","7,499"
"10/25/2016","W","8,534"
"10/26/2016","W","7,252"
"10/27/2016","W","8,697"
"10/28/2016","W","24,777"
"10/29/2016","A","33,615"
"10/30/2016","U","23,043"
"10/31/2016","W","11,569"
"11/01/2016","W","8,924"
"11/02/2016","W","8,290"
"11/03/2016","W","21,913"
"11/04/2016","W","26,309"
"11/05/2016","A","14,358"
"11/06/2016","U","9,439"
"11/07/2016","W","7,963"
"11/08/2016","W","7,669"
"11/09/2016","W","7,505"
"11/10/2016","W","7,458"
"11/11/2016","W","7,714"
"11/12/2016","A","8,459"
"11/13/2016","U","4,794"
"11/14/2016","W","6,990"
"11/15/2016","W","6,928"
"11/16/2016","W","7,032"
"11/17/2016","W","7,244"
"11/18/2016","W","7,172"
"11/19/2016","A","5,626"
"11/20/2016","U","3,761"
"11/21/2016","W","6,748"
"11/22/2016","W","6,419"
"11/23/2016","W","4,805"
"11/24/2016","U","1,945"
"11/25/2016","W","3,759"
"11/26/2016","A","3,931"
"11/27/2016","U","2,738"
"11/28/2016","W","5,744"
"11/29/2016","W","6,332"
"11/30/2016","W","6,301"
"12/01/2016","W","6,514"
"12/02/2016","W","6,867"
"12/03/2016","A","5,229"
"12/04/2016","U","3,312"
"12/05/2016","W","6,220"
"12/06/2016","W","6,338"
"12/07/2016","W","6,251"
"12/08/2016","W","6,366"
"12/09/2016","W","6,375"
"12/10/2016","A","5,495"
"12/11/2016","U","3,282"
"12/12/2016","W","5,907"
"12/13/2016","W","5,966"
"12/14/2016","W","5,653"
"12/15/2016","W","5,322"
"12/16/2016","W","6,088"
"12/17/2016","A","4,379"
"12/18/2016","U","2,614"
"12/19/2016","W","5,163"
"12/20/2016","W","5,485"
"12/21/2016","W","5,428"
"12/22/2016","W","4,971"
"12/23/2016","W","4,056"
"12/24/2016","A","1,734"
"12/25/2016","U","734"
"12/26/2016","U","1,930"
"12/27/2016","W","3,490"
"12/28/2016","W","4,260"
"12/29/2016","W","4,285"
"12/30/2016","W","4,577"
"12/31/2016","A","4,357"
"01/01/2017","U","4,741"
"01/02/2017","U","3,040"
"01/03/2017","W","5,651"
"01/04/2017","W","5,573"
"01/05/2017","W","5,475"
"01/06/2017","W","5,222"
"01/07/2017","A","3,282"
"01/08/2017","U","2,557"
"01/09/2017","W","5,915"
"01/10/2017","W","6,019"
"01/11/2017","W","5,984"
"01/12/2017","W","6,268"
"01/13/2017","W","6,208"
"01/14/2017","A","4,028"
"01/15/2017","U","3,386"
"01/16/2017","W","4,042"
"01/17/2017","W","6,288"
"01/18/2017","W","6,366"
"01/19/2017","W","6,486"
"01/20/2017","W","6,532"
"01/21/2017","A","5,590"
"01/22/2017","U","3,082"
"01/23/2017","W","6,410"
"01/24/2017","W","6,483"
"01/25/2017","W","6,453"
"01/26/2017","W","6,452"
"01/27/2017","W","6,244"
"01/28/2017","A","4,104"
"01/29/2017","U","3,116"
"01/30/2017","W","6,186"
"01/31/2017","W","6,369"
"02/01/2017","W","6,390"
"02/02/2017","W","6,365"
"02/03/2017","W","5,906"
"02/04/2017","A","3,829"
"02/05/2017","U","3,175"
"02/06/2017","W","6,297"
"02/07/2017","W","6,347"
"02/08/2017","W","6,511"
"02/09/2017","W","6,369"
"02/10/2017","W","6,200"
"02/11/2017","A","4,350"
"02/12/2017","U","3,417"
"02/13/2017","W","6,237"
"02/14/2017","W","6,419"
"02/15/2017","W","6,632"
"02/16/2017","W","6,440"
"02/17/2017","W","6,628"
"02/18/2017","A","5,070"
"02/19/2017","U","3,908"
"02/20/2017","W","5,215"
"02/21/2017","W","6,549"
"02/22/2017","W","6,730"
"02/23/2017","W","6,551"
"02/24/2017","W","6,325"
"02/25/2017","A","4,100"
"02/26/2017","U","3,168"
"02/27/2017","W","6,383"
"02/28/2017","W","6,294"
"03/01/2017","W","6,508"
"03/02/2017","W","6,668"
"03/03/2017","W","6,401"
"03/04/2017","A","4,673"
"03/05/2017","U","3,297"
"03/06/2017","W","6,244"
"03/07/2017","W","6,741"
"03/08/2017","W","6,868"
"03/09/2017","W","6,702"
"03/10/2017","W","6,718"
"03/11/2017","A","8,751"
"03/12/2017","U","3,855"
"03/13/2017","W","6,451"
"03/14/2017","W","6,612"
"03/15/2017","W","6,631"
"03/16/2017","W","6,891"
"03/17/2017","W","7,216"
"03/18/2017","A","5,209"
"03/19/2017","U","3,602"
"03/20/2017","W","5,899"
"03/21/2017","W","6,001"
"03/22/2017","W","6,052"
"03/23/2017","W","6,094"
"03/24/2017","W","6,119"
"03/25/2017","A","3,561"
"03/26/2017","U","3,242"
"03/27/2017","W","6,397"
"03/28/2017","W","6,822"
"03/29/2017","W","6,748"
"03/30/2017","W","6,298"
"03/31/2017","W","6,679"
"04/01/2017","A","5,198"
"04/02/2017","U","3,899"
"04/03/2017","W","6,678"
"04/04/2017","W","6,970"
"04/05/2017","W","6,539"
"04/06/2017","W","7,307"
"04/07/2017","W","7,264"
"04/08/2017","A","5,798"
"04/09/2017","U","4,587"
"04/10/2017","W","14,899"
"04/11/2017","W","9,263"
"04/12/2017","W","15,113"
"04/13/2017","W","15,444"
"04/14/2017","W","15,219"
"04/15/2017","A","13,912"
"04/16/2017","U","10,679"
"04/17/2017","W","13,869"
"04/18/2017","W","13,572"
"04/19/2017","W","13,115"
"04/20/2017","W","7,047"
"04/21/2017","W","6,950"
"04/22/2017","A","5,806"
"04/23/2017","U","4,162"
"04/24/2017","W","6,565"
"04/25/2017","W","6,904"
"04/26/2017","W","6,809"
"04/27/2017","W","6,869"
"04/28/2017","W","6,764"
"04/29/2017","A","5,443"
"04/30/2017","U","3,130"
"05/01/2017","W","12,109"
"05/02/2017","W","13,667"
"05/03/2017","W","13,500"
"05/04/2017","W","13,274"
"05/05/2017","W","15,263"
"05/06/2017","A","13,304"
"05/07/2017","U","8,823"
"05/08/2017","W","7,939"
"05/09/2017","W","6,795"
"05/10/2017","W","6,815"
"05/11/2017","W","6,904"
"05/12/2017","W","7,050"
"05/13/2017","A","5,485"
"05/14/2017","U","3,521"
"05/15/2017","W","6,613"
"05/16/2017","W","14,036"
"05/17/2017","W","14,283"
"05/18/2017","W","15,177"
"05/19/2017","W","13,984"
"05/20/2017","A","8,518"
"05/21/2017","U","12,279"
"05/22/2017","W","13,186"
"05/23/2017","W","11,463"
"05/24/2017","W","13,236"
"05/25/2017","W","14,597"
"05/26/2017","W","6,332"
"05/27/2017","A","5,395"
"05/28/2017","U","4,904"
"05/29/2017","U","3,895"
"05/30/2017","W","6,655"
"05/31/2017","W","6,938"
"06/01/2017","W","7,211"
"06/02/2017","W","15,788"
"06/03/2017","A","13,919"
"06/04/2017","U","10,955"
"06/05/2017","W","13,441"
"06/06/2017","W","14,351"
"06/07/2017","W","14,327"
"06/08/2017","W","15,514"
"06/09/2017","W","18,363"
"06/10/2017","A","16,009"
"06/11/2017","U","13,989"
"06/12/2017","W","6,855"
"06/13/2017","W","6,890"
"06/14/2017","W","6,930"
"06/15/2017","W","7,112"
"06/16/2017","W","7,029"
"06/17/2017","A","7,427"
"06/18/2017","U","6,131"
"06/19/2017","W","15,102"
"06/20/2017","W","15,795"
"06/21/2017","W","16,420"
"06/22/2017","W","6,616"
"06/23/2017","W","7,230"
"06/24/2017","A","5,966"
"06/25/2017","U","18,233"
"06/26/2017","W","7,126"
"06/27/2017","W","6,913"
"06/28/2017","W","6,583"
"06/29/2017","W","13,401"
"06/30/2017","W","13,589"
"07/01/2017","A","13,677"
"07/02/2017","U","5,926"
"07/03/2017","W","5,439"
"07/04/2017","U","11,401"
"07/05/2017","W","15,340"
"07/06/2017","W","15,788"
"07/07/2017","W","16,917"
"07/08/2017","A","14,617"
"07/09/2017","U","13,062"
"07/10/2017","W","6,084"
"07/11/2017","W","6,591"
"07/12/2017","W","6,330"
"07/13/2017","W","6,850"
"07/14/2017","W","7,230"
"07/15/2017","A","13,214"
"07/16/2017","U","5,393"
"07/17/2017","W","13,124"
"07/18/2017","W","6,824"
"07/19/2017","W","6,971"
"07/20/2017","W","6,641"
"07/21/2017","W","17,773"
"07/22/2017","A","15,070"
"07/23/2017","U","12,669"
"07/24/2017","W","27,679"
"07/25/2017","W","21,427"
"07/26/2017","W","6,828"
"07/27/2017","W","6,792"
"07/28/2017","W","7,054"
"07/29/2017","A","7,023"
"07/30/2017","U","4,206"
"07/31/2017","W","6,612"
"08/01/2017","W","15,952"
"08/02/2017","W","16,215"
"08/03/2017","W","17,395"
"08/04/2017","W","17,429"
"08/05/2017","A","16,073"
"08/06/2017","U","13,324"
"08/07/2017","W","6,361"
"08/08/2017","W","6,548"
"08/09/2017","W","6,917"
"08/10/2017","W","6,601"
"08/11/2017","W","14,534"
"08/12/2017","A","14,386"
"08/13/2017","U","7,165"
"08/14/2017","W","15,273"
"08/15/2017","W","12,410"
"08/16/2017","W","14,031"
"08/17/2017","W","15,012"
"08/18/2017","W","17,725"
"08/19/2017","A","15,720"
"08/20/2017","U","13,322"
"08/21/2017","W","6,087"
"08/22/2017","W","6,213"
"08/23/2017","W","6,424"
"08/24/2017","W","12,008"
"08/25/2017","W","12,531"
"08/26/2017","A","10,011"
"08/27/2017","U","4,858"
"08/28/2017","W","13,018"
"08/29/2017","W","12,942"
"08/30/2017","W","13,105"
"08/31/2017","W","13,701"
"09/01/2017","W","14,591"
"09/02/2017","A","14,462"
"09/03/2017","U","13,824"
"09/04/2017","U","3,403"
"09/05/2017","W","6,541"
"09/06/2017","W","6,938"
"09/07/2017","W","7,402"
"09/08/2017","W","16,088"
"09/09/2017","A","13,818"
"09/10/2017","U","11,256"
"09/11/2017","W","6,994"
"09/12/2017","W","13,893"
"09/13/2017","W","13,702"
"09/14/2017","W","14,637"
"09/15/2017","W","16,070"
"09/16/2017","A","14,368"
"09/17/2017","U","11,549"
"09/18/2017","W","6,814"
"09/19/2017","W","7,051"
"09/20/2017","W","7,058"
"09/21/2017","W","7,220"
"09/22/2017","W","7,298"
"09/23/2017","A","6,143"
"09/24/2017","U","4,324"
"09/25/2017","W","6,881"
"09/26/2017","W","7,059"
"09/27/2017","W","7,023"
"09/28/2017","W","5,843"
"09/29/2017","W","15,713"
"09/30/2017","A","13,413"
"10/01/2017","U","11,929"
"10/02/2017","W","6,832"
"10/03/2017","W","7,040"
"10/04/2017","W","6,950"
"10/05/2017","W","7,289"
"10/06/2017","W","8,005"
"10/07/2017","A","6,312"
"10/08/2017","U","8,523"
"10/09/2017","W","15,691"
"10/10/2017","W","12,638"
"10/11/2017","W","15,570"
"10/12/2017","W","7,389"
"10/13/2017","W","7,790"
"10/14/2017","A","4,331"
"10/15/2017","U","4,183"
"10/16/2017","W","7,043"
"10/17/2017","W","11,644"
"10/18/2017","W","12,131"
"10/19/2017","W","14,570"
"10/20/2017","W","7,937"
"10/21/2017","A","5,764"
"10/22/2017","U","3,570"
"10/23/2017","W","6,546"
"10/24/2017","W","6,830"
"10/25/2017","W","7,044"
"10/26/2017","W","7,191"
"10/27/2017","W","6,963"
"10/28/2017","A","4,851"
"10/29/2017","U","4,239"
"10/30/2017","W","6,639"
"10/31/2017","W","7,324"
"11/01/2017","W","6,999"
"11/02/2017","W","6,879"
"11/03/2017","W","6,823"
"11/04/2017","A","4,264"
"11/05/2017","U","3,383"
"11/06/2017","W","6,669"
"11/07/2017","W","6,671"
"11/08/2017","W","6,752"
"11/09/2017","W","6,902"
"11/10/2017","W","6,591"
"11/11/2017","A","4,613"
"11/12/2017","U","3,225"
"11/13/2017","W","6,485"
"11/14/2017","W","6,822"
"11/15/2017","W","6,610"
"11/16/2017","W","6,594"
"11/17/2017","W","6,649"
"11/18/2017","A","4,285"
"11/19/2017","U","3,644"
"11/20/2017","W","6,085"
"11/21/2017","W","6,064"
"11/22/2017","W","4,519"
"11/23/2017","U","1,719"
"11/24/2017","W","3,668"
"11/25/2017","A","3,714"
"11/26/2017","U","2,869"
"11/27/2017","W","5,816"
"11/28/2017","W","6,318"
"11/29/2017","W","6,290"
"11/30/2017","W","6,484"
"12/01/2017","W","6,815"
"12/02/2017","A","5,921"
"12/03/2017","U","4,203"
"12/04/2017","W","6,152"
"12/05/2017","W","5,990"
"12/06/2017","W","6,136"
"12/07/2017","W","6,168"
"12/08/2017","W","6,610"
"12/09/2017","A","5,458"
"12/10/2017","U","3,530"
"12/11/2017","W","5,987"
"12/12/2017","W","5,912"
"12/13/2017","W","5,979"
"12/14/2017","W","6,259"
"12/15/2017","W","6,306"
"12/16/2017","A","5,212"
"12/17/2017","U","3,703"
"12/18/2017","W","5,802"
"12/19/2017","W","6,034"
"12/20/2017","W","5,881"
"12/21/2017","W","5,496"
"12/22/2017","W","4,848"
"12/23/2017","A","3,100"
"12/24/2017","U","1,514"
"12/25/2017","U","668"
"12/26/2017","W","1,914"
"12/27/2017","W","2,851"
"12/28/2017","W","3,458"
"12/29/2017","W","3,914"
"12/30/2017","A","2,762"
"12/31/2017","U","2,690"
"01/01/2018","U","2,975"
"01/02/2018","W","4,448"
"01/03/2018","W","5,192"
"01/04/2018","W","5,224"
"01/05/2018","W","4,950"
"01/06/2018","A","2,835"
"01/07/2018","U","2,291"
"01/08/2018","W","5,895"
"01/09/2018","W","6,000"
"01/10/2018","W","6,003"
"01/11/2018","W","6,061"
"01/12/2018","W","4,451"
"01/13/2018","A","3,324"
"01/14/2018","U","2,628"
"01/15/2018","W","3,715"
"01/16/2018","W","6,119"
"01/17/2018","W","6,054"
"01/18/2018","W","6,192"
"01/19/2018","W","6,115"
"01/20/2018","A","4,348"
"01/21/2018","U","2,928"
"01/22/2018","W","6,203"
"01/23/2018","W","6,361"
"01/24/2018","W","6,277"
"01/25/2018","W","6,422"
"01/26/2018","W","6,122"
"01/27/2018","A","4,126"
"01/28/2018","U","2,868"
"01/29/2018","W","5,971"
"01/30/2018","W","6,141"
"01/31/2018","W","6,220"
"02/01/2018","W","6,171"
"02/02/2018","W","5,482"
"02/03/2018","A","3,607"
"02/04/2018","U","2,592"
"02/05/2018","W","5,692"
"02/06/2018","W","6,126"
"02/07/2018","W","6,122"
"02/08/2018","W","6,145"
"02/09/2018","W","4,556"
"02/10/2018","A","4,034"
"02/11/2018","U","2,913"
"02/12/2018","W","6,060"
"02/13/2018","W","6,299"
"02/14/2018","W","6,430"
"02/15/2018","W","6,580"
"02/16/2018","W","6,362"
"02/17/2018","A","4,036"
"02/18/2018","U","3,414"
"02/19/2018","W","4,685"
"02/20/2018","W","6,239"
"02/21/2018","W","6,356"
"02/22/2018","W","6,435"
"02/23/2018","W","6,140"
"02/24/2018","A","4,195"
"02/25/2018","U","3,115"
"02/26/2018","W","6,095"
"02/27/2018","W","6,628"
"02/28/2018","W","6,415"
"03/01/2018","W","6,366"
"03/02/2018","W","6,261"
"03/03/2018","A","4,228"
"03/04/2018","U","3,056"
"03/05/2018","W","5,846"
"03/06/2018","W","6,108"
"03/07/2018","W","6,183"
"03/08/2018","W","6,366"
"03/09/2018","W","6,161"
"03/10/2018","A","4,267"
"03/11/2018","U","3,262"
"03/12/2018","W","6,246"
"03/13/2018","W","6,428"
"03/14/2018","W","6,516"
"03/15/2018","W","6,663"
"03/16/2018","W","7,108"
"03/17/2018","A","12,323"
"03/18/2018","U","4,506"
"03/19/2018","W","6,181"
"03/20/2018","W","5,932"
"03/21/2018","W","5,915"
"03/22/2018","W","6,099"
"03/23/2018","W","6,135"
"03/24/2018","A","4,013"
"03/25/2018","U","3,098"
"03/26/2018","W","6,161"
"03/27/2018","W","6,337"
"03/28/2018","W","6,436"
"03/29/2018","W","6,595"
"03/30/2018","W","5,757"
"03/31/2018","A","3,849"
"04/01/2018","U","2,357"
"04/02/2018","W","6,044"
"04/03/2018","W","6,401"
"04/04/2018","W","6,855"
"04/05/2018","W","7,198"
"04/06/2018","W","6,968"
"04/07/2018","A","5,292"
"04/08/2018","U","3,521"
"04/09/2018","W","9,608"
"04/10/2018","W","12,581"
"04/11/2018","W","12,883"
"04/12/2018","W","11,968"
"04/13/2018","W","11,925"
"04/14/2018","A","9,385"
"04/15/2018","U","4,048"
"04/16/2018","W","6,474"
"04/17/2018","W","11,337"
"04/18/2018","W","7,041"
"04/19/2018","W","9,495"
"04/20/2018","W","6,747"
"04/21/2018","A","4,957"
"04/22/2018","U","3,613"
"04/23/2018","W","6,270"
"04/24/2018","W","6,617"
"04/25/2018","W","6,671"
"04/26/2018","W","12,706"
"04/27/2018","W","13,307"
"04/28/2018","A","12,071"
"04/29/2018","U","10,985"
"04/30/2018","W","11,643"
"05/01/2018","W","13,276"
"05/02/2018","W","11,746"
"05/03/2018","W","6,628"
"05/04/2018","W","6,686"
"05/05/2018","A","5,430"
"05/06/2018","U","5,044"
"05/07/2018","W","12,992"
"05/08/2018","W","13,296"
"05/09/2018","W","11,931"
"05/10/2018","W","7,018"
"05/11/2018","W","14,843"
"05/12/2018","A","11,123"
"05/13/2018","U","9,807"
"05/14/2018","W","11,529"
"05/15/2018","W","6,685"
"05/16/2018","W","6,715"
"05/17/2018","W","6,877"
"05/18/2018","W","7,091"
"05/19/2018","A","5,100"
"05/20/2018","U","3,362"
"05/21/2018","W","6,060"
"05/22/2018","W","14,268"
"05/23/2018","W","14,157"
"05/24/2018","W","7,366"
"05/25/2018","W","16,219"
"05/26/2018","A","13,380"
"05/27/2018","U","13,738"
"05/28/2018","U","4,269"
"05/29/2018","W","6,420"
"05/30/2018","W","6,611"
"05/31/2018","W","6,814"
"06/01/2018","W","7,228"
"06/02/2018","A","5,469"
"06/03/2018","U","4,319"
"06/04/2018","W","6,662"
"06/05/2018","W","14,775"
"06/06/2018","W","14,825"
"06/07/2018","W","16,303"
"06/08/2018","W","15,631"
"06/09/2018","A","13,838"
"06/10/2018","U","11,732"
"06/11/2018","W","6,504"
"06/12/2018","W","6,897"
"06/13/2018","W","6,891"
"06/14/2018","W","7,023"
"06/15/2018","W","7,161"
"06/16/2018","A","8,815"
"06/17/2018","U","6,485"
"06/18/2018","W","14,970"
"06/19/2018","W","17,728"
"06/20/2018","W","15,804"
"06/21/2018","W","6,040"
"06/22/2018","W","6,608"
"06/23/2018","A","5,773"
"06/24/2018","U","19,746"
"06/25/2018","W","6,753"
"06/26/2018","W","6,507"
"06/27/2018","W","6,877"
"06/28/2018","W","6,958"
"06/29/2018","W","17,567"
"06/30/2018","A","15,495"
"07/01/2018","U","12,782"
"07/02/2018","W","6,313"
"07/03/2018","W","15,514"
"07/04/2018","U","13,219"
"07/05/2018","W","5,588"
"07/06/2018","W","16,338"
"07/07/2018","A","14,423"
"07/08/2018","U","12,190"
"07/09/2018","W","6,286"
"07/10/2018","W","6,814"
"07/11/2018","W","6,844"
"07/12/2018","W","6,773"
"07/13/2018","W","13,344"
"07/14/2018","A","10,876"
"07/15/2018","U","5,159"
"07/16/2018","W","6,153"
"07/17/2018","W","6,650"
"07/18/2018","W","6,686"
"07/19/2018","W","15,981"
"07/20/2018","W","17,526"
"07/21/2018","A","21,289"
"07/22/2018","U","12,484"
"07/23/2018","W","15,220"
"07/24/2018","W","15,848"
"07/25/2018","W","14,794"
"07/26/2018","W","16,406"
"07/27/2018","W","7,040"
"07/28/2018","A","6,861"
"07/29/2018","U","9,853"
"07/30/2018","W","13,149"
"07/31/2018","W","7,293"
"08/01/2018","W","7,056"
"08/02/2018","W","13,577"
"08/03/2018","W","17,222"
"08/04/2018","A","13,914"
"08/05/2018","U","13,387"
"08/06/2018","W","6,375"
"08/07/2018","W","6,007"
"08/08/2018","W","6,531"
"08/09/2018","W","6,955"
"08/10/2018","W","16,770"
"08/11/2018","A","17,695"
"08/12/2018","U","13,038"
"08/13/2018","W","6,600"
"08/14/2018","W","15,351"
"08/15/2018","W","14,571"
"08/16/2018","W","6,598"
"08/17/2018","W","7,222"
"08/18/2018","A","12,797"
"08/19/2018","U","6,719"
"08/20/2018","W","8,319"
"08/21/2018","W","9,426"
"08/22/2018","W","6,389"
"08/23/2018","W","11,572"
"08/24/2018","W","11,963"
"08/25/2018","A","10,814"
"08/26/2018","U","11,594"
"08/27/2018","W","13,652"
"08/28/2018","W","14,394"
"08/29/2018","W","14,233"
"08/30/2018","W","6,984"
"08/31/2018","W","6,517"
"09/01/2018","A","8,566"
"09/02/2018","U","5,992"
"09/03/2018","U","2,944"
"09/04/2018","W","6,711"
"09/05/2018","W","7,043"
"09/06/2018","W","7,563"
"09/07/2018","W","13,127"
"09/08/2018","A","11,470"
"09/09/2018","U","4,851"
"09/10/2018","W","13,663"
"09/11/2018","W","14,087"
"09/12/2018","W","15,152"
"09/13/2018","W","8,217"
"09/14/2018","W","15,018"
"09/15/2018","A","13,813"
"09/16/2018","U","12,336"
"09/17/2018","W","7,675"
"09/18/2018","W","7,538"
"09/19/2018","W","7,422"
"09/20/2018","W","7,780"
"09/21/2018","W","8,171"
"09/22/2018","A","6,059"
"09/23/2018","U","4,303"
"09/24/2018","W","13,519"
"09/25/2018","W","12,270"
"09/26/2018","W","13,822"
"09/27/2018","W","15,056"
"09/28/2018","W","17,219"
"09/29/2018","A","14,210"
"09/30/2018","U","11,521"
"10/01/2018","W","13,818"
"10/02/2018","W","9,796"
"10/03/2018","W","11,352"
"10/04/2018","W","7,906"
"10/05/2018","W","7,440"
"10/06/2018","A","5,357"
"10/07/2018","U","7,417"
"10/08/2018","W","6,747"
"10/09/2018","W","7,270"
"10/10/2018","W","7,019"
"10/11/2018","W","7,381"
"10/12/2018","W","7,148"
"10/13/2018","A","5,067"
"10/14/2018","U","3,816"
"10/15/2018","W","6,971"
"10/16/2018","W","7,087"
"10/17/2018","W","7,285"
"10/18/2018","W","7,351"
"10/19/2018","W","6,985"
"10/20/2018","A","4,787"
"10/21/2018","U","3,555"
"10/22/2018","W","6,669"
"10/23/2018","W","6,911"
"10/24/2018","W","6,924"
"10/25/2018","W","7,292"
"10/26/2018","W","7,033"
"10/27/2018","A","5,011"
"10/28/2018","U","4,311"
"10/29/2018","W","6,515"
"10/30/2018","W","6,927"
"10/31/2018","W","8,016"
"11/01/2018","W","7,057"
"11/02/2018","W","6,720"
"11/03/2018","A","5,020"
"11/04/2018","U","3,081"
"11/05/2018","W","6,721"
"11/06/2018","W","6,597"
"11/07/2018","W","7,000"
"11/08/2018","W","7,125"
"11/09/2018","W","6,893"
"11/10/2018","A","4,231"
"11/11/2018","U","3,451"
"11/12/2018","W","5,940"
"11/13/2018","W","6,611"
"11/14/2018","W","6,607"
"11/15/2018","W","6,640"
"11/16/2018","W","6,735"
"11/17/2018","A","4,705"
"11/18/2018","U","3,391"
"11/19/2018","W","6,232"
"11/20/2018","W","5,977"
"11/21/2018","W","4,513"
"11/22/2018","U","1,647"
"11/23/2018","W","2,964"
"11/24/2018","A","2,972"
"11/25/2018","U","2,170"
"11/26/2018","W","5,355"
"11/27/2018","W","6,024"
"11/28/2018","W","6,328"
"11/29/2018","W","6,408"
"11/30/2018","W","6,708"
"12/01/2018","A","3,716"
"12/02/2018","U","3,145"
"12/03/2018","W","6,062"
"12/04/2018","W","6,361"
"12/05/2018","W","6,265"
"12/06/2018","W","6,422"
"12/07/2018","W","6,750"
"12/08/2018","A","4,875"
"12/09/2018","U","3,160"
"12/10/2018","W","5,835"
"12/11/2018","W","6,163"
"12/12/2018","W","6,248"
"12/13/2018","W","6,521"
"12/14/2018","W","6,656"
"12/15/2018","A","5,176"
"12/16/2018","U","3,687"
"12/17/2018","W","4,944"
"12/18/2018","W","5,821"
"12/19/2018","W","5,965"
"12/20/2018","W","5,856"
"12/21/2018","W","5,251"
"12/22/2018","A","3,173"
"12/23/2018","U","2,217"
"12/24/2018","W","1,786"
"12/25/2018","U","717"
"12/26/2018","W","2,482"
"12/27/2018","W","3,133"
"12/28/2018","W","3,849"
"12/29/2018","A","2,927"
"12/30/2018","U","2,910"
"12/31/2018","W","3,416"
"01/01/2019","U","3,956"
"01/02/2019","W","4,759"
"01/03/2019","W","5,329"
"01/04/2019","W","5,515"
"01/05/2019","A","3,716"
"01/06/2019","U","2,989"
"01/07/2019","W","5,939"
"01/08/2019","W","6,254"
"01/09/2019","W","6,014"
"01/10/2019","W","6,155"
"01/11/2019","W","6,134"
"01/12/2019","A","3,509"
"01/13/2019","U","2,836"
"01/14/2019","W","6,101"
"01/15/2019","W","6,411"
"01/16/2019","W","6,182"
"01/17/2019","W","6,439"
"01/18/2019","W","6,448"
"01/19/2019","A","3,389"
"01/20/2019","U","2,713"
"01/21/2019","W","3,712"
"01/22/2019","W","6,222"
"01/23/2019","W","6,314"
"01/24/2019","W","6,207"
"01/25/2019","W","5,186"
"01/26/2019","A","3,059"
"01/27/2019","U","2,397"
"01/28/2019","W","6,072"
"01/29/2019","W","5,128"
"01/30/2019","W","576"
"01/31/2019","W","1,908"
"02/01/2019","W","5,685"
"02/02/2019","A","3,620"
"02/03/2019","U","3,062"
"02/04/2019","W","6,297"
"02/05/2019","W","6,322"
"02/06/2019","W","6,459"
"02/07/2019","W","6,406"
"02/08/2019","W","5,864"
"02/09/2019","A","3,773"
"02/10/2019","U","2,748"
"02/11/2019","W","6,038"
"02/12/2019","W","6,389"
"02/13/2019","W","6,294"
"02/14/2019","W","6,540"
"02/15/2019","W","6,120"
"02/16/2019","A","3,995"
"02/17/2019","U","2,965"
"02/18/2019","W","4,671"
"02/19/2019","W","6,267"
"02/20/2019","W","6,389"
"02/21/2019","W","6,486"
"02/22/2019","W","6,295"
"02/23/2019","A","3,376"
"02/24/2019","U","2,637"
"02/25/2019","W","5,810"
"02/26/2019","W","6,096"
"02/27/2019","W","6,055"
"02/28/2019","W","6,197"
"03/01/2019","W","6,055"
"03/02/2019","A","3,543"
"03/03/2019","U","2,574"
"03/04/2019","W","5,402"
"03/05/2019","W","5,928"
"03/06/2019","W","6,112"
"03/07/2019","W","6,048"
"03/08/2019","W","5,618"
"03/09/2019","A","105"
"03/10/2019","U","77"
"03/11/2019","W","4,693"
"03/12/2019","W","5,063"
"03/13/2019","W","5,041"
"03/14/2019","W","5,016"
"03/15/2019","W","5,227"
"03/16/2019","A","7,664"
"03/17/2019","U","3,000"
"03/18/2019","W","4,996"
"03/19/2019","W","5,199"
"03/20/2019","W","5,063"
"03/21/2019","W","5,164"
"03/22/2019","W","5,086"
"03/23/2019","A","2,734"
"03/24/2019","U","1,997"
"03/25/2019","W","4,661"
"03/26/2019","W","4,900"
"03/27/2019","W","4,929"
"03/28/2019","W","5,119"
"03/29/2019","W","4,720"
"03/30/2019","A","40"
"03/31/2019","U","61"
"04/01/2019","W","5,365"
"04/02/2019","W","5,916"
"04/03/2019","W","6,149"
"04/04/2019","W","6,242"
"04/05/2019","W","6,149"
"04/06/2019","A","5,302"
"04/07/2019","U","3,177"
"04/08/2019","W","14,425"
"04/09/2019","W","6,362"
"04/10/2019","W","10,064"
"04/11/2019","W","10,336"
"04/12/2019","W","11,177"
"04/13/2019","A","11,886"
"04/14/2019","U","2,699"
"04/15/2019","W","5,782"
"04/16/2019","W","6,072"
"04/17/2019","W","6,128"
"04/18/2019","W","6,224"
"04/19/2019","W","10,877"
"04/20/2019","A","8,520"
"04/21/2019","U","8,807"
"04/22/2019","W","5,754"
"04/23/2019","W","11,953"
"04/24/2019","W","12,396"
"04/25/2019","W","13,377"
"04/26/2019","W","6,628"
"04/27/2019","A","3,653"
"04/28/2019","U","3,063"
"04/29/2019","W","5,679"
"04/30/2019","W","5,829"
"05/01/2019","W","6,378"
"05/02/2019","W","6,330"
"05/03/2019","W","13,137"
"05/04/2019","A","11,843"
"05/05/2019","U","10,081"
"05/06/2019","W","11,210"
"05/07/2019","W","10,421"
"05/08/2019","W","10,992"
"05/09/2019","W","11,056"
"05/10/2019","W","14,016"
"05/11/2019","A","12,318"
"05/12/2019","U","7,398"
"05/13/2019","W","6,030"
"05/14/2019","W","6,439"
"05/15/2019","W","6,566"
"05/16/2019","W","6,349"
"05/17/2019","W","6,400"
"05/18/2019","A","4,761"
"05/19/2019","U","3,600"
"05/20/2019","W","10,735"
"05/21/2019","W","9,805"
"05/22/2019","W","11,341"
"05/23/2019","W","12,139"
"05/24/2019","W","10,810"
"05/25/2019","A","9,897"
"05/26/2019","U","12,257"
"05/27/2019","U","2,641"
"05/28/2019","W","6,060"
"05/29/2019","W","6,386"
"05/30/2019","W","6,759"
"05/31/2019","W","6,808"
"06/01/2019","A","5,059"
"06/02/2019","U","4,123"
"06/03/2019","W","12,676"
"06/04/2019","W","12,273"
"06/05/2019","W","12,881"
"06/06/2019","W","14,041"
"06/07/2019","W","15,802"
"06/08/2019","A","13,512"
"06/09/2019","U","10,553"
"06/10/2019","W","6,417"
"06/11/2019","W","6,677"
"06/12/2019","W","6,515"
"06/13/2019","W","6,888"
"06/14/2019","W","13,213"
"06/15/2019","A","12,001"
"06/16/2019","U","4,721"
"06/17/2019","W","6,397"
"06/18/2019","W","14,322"
"06/19/2019","W","14,185"
"06/20/2019","W","14,181"
"06/21/2019","W","16,661"
"06/22/2019","A","19,828"
"06/23/2019","U","13,795"
"06/24/2019","W","13,543"
"06/25/2019","W","13,242"
"06/26/2019","W","14,798"
"06/27/2019","W","15,849"
"06/28/2019","W","6,574"
"06/29/2019","A","5,215"
"06/30/2019","U","15,800"
"07/01/2019","W","6,263"
"07/02/2019","W","6,217"
"07/03/2019","W","5,992"
"07/04/2019","U","3,968"
"07/05/2019","W","4,881"
"07/06/2019","A","5,067"
"07/07/2019","U","3,678"
"07/08/2019","W","5,866"
"07/09/2019","W","6,363"
"07/10/2019","W","6,488"
"07/11/2019","W","6,649"
"07/12/2019","W","16,156"
"07/13/2019","A","13,029"
"07/14/2019","U","11,968"
"07/15/2019","W","12,974"
"07/16/2019","W","13,957"
"07/17/2019","W","14,502"
"07/18/2019","W","6,427"
"07/19/2019","W","15,414"
"07/20/2019","A","13,885"
"07/21/2019","U","12,350"
"07/22/2019","W","6,396"
"07/23/2019","W","6,542"
"07/24/2019","W","6,555"
"07/25/2019","W","6,479"
"07/26/2019","W","6,776"
"07/27/2019","A","6,887"
"07/28/2019","U","4,017"
"07/29/2019","W","5,699"
"07/30/2019","W","6,709"
"07/31/2019","W","6,521"
"08/01/2019","W","7,267"
"08/02/2019","W","17,102"
"08/03/2019","A","14,590"
"08/04/2019","U","12,997"
"08/05/2019","W","14,351"
"08/06/2019","W","14,974"
"08/07/2019","W","15,712"
"08/08/2019","W","6,718"
"08/09/2019","W","7,016"
"08/10/2019","A","8,356"
"08/11/2019","U","6,494"
"08/12/2019","W","5,935"
"08/13/2019","W","6,126"
"08/14/2019","W","6,284"
"08/15/2019","W","6,380"
"08/16/2019","W","6,254"
"08/17/2019","A","4,739"
"08/18/2019","U","3,606"
"08/19/2019","W","5,901"
"08/20/2019","W","12,577"
"08/21/2019","W","13,707"
"08/22/2019","W","13,996"
"08/23/2019","W","15,812"
"08/24/2019","A","13,890"
"08/25/2019","U","11,713"
"08/26/2019","W","5,651"
"08/27/2019","W","6,127"
"08/28/2019","W","6,170"
"08/29/2019","W","6,471"
"08/30/2019","W","14,335"
"08/31/2019","A","10,152"
"09/01/2019","U","12,842"
"09/02/2019","U","10,547"
"09/03/2019","W","11,916"
"09/04/2019","W","6,813"
"09/05/2019","W","6,963"
"09/06/2019","W","6,764"
"09/07/2019","A","4,952"
"09/08/2019","U","3,536"
"09/09/2019","W","6,226"
"09/10/2019","W","6,551"
"09/11/2019","W","6,764"
"09/12/2019","W","7,202"
"09/13/2019","W","15,293"
"09/14/2019","A","13,269"
"09/15/2019","U","10,729"
"09/16/2019","W","12,450"
"09/17/2019","W","12,695"
"09/18/2019","W","13,842"
"09/19/2019","W","14,153"
"09/20/2019","W","16,514"
"09/21/2019","A","13,396"
"09/22/2019","U","9,724"
"09/23/2019","W","6,885"
"09/24/2019","W","6,902"
"09/25/2019","W","6,795"
"09/26/2019","W","7,032"
"09/27/2019","W","6,397"
"09/28/2019","A","4,829"
"09/29/2019","U","3,941"
"09/30/2019","W","6,375"
"10/01/2019","W","6,649"
"10/02/2019","W","6,666"
"10/03/2019","W","6,922"
"10/04/2019","W","7,061"
"10/05/2019","A","4,465"
"10/06/2019","U","3,671"
"10/07/2019","W","6,391"
"10/08/2019","W","6,579"
"10/09/2019","W","6,646"
"10/10/2019","W","7,140"
"10/11/2019","W","6,786"
"10/12/2019","A","5,589"
"10/13/2019","U","7,757"
"10/14/2019","W","6,165"
"10/15/2019","W","6,812"
"10/16/2019","W","6,885"
"10/17/2019","W","6,947"
"10/18/2019","W","7,572"
"10/19/2019","A","5,780"
"10/20/2019","U","4,128"
"10/21/2019","W","6,300"
"10/22/2019","W","6,406"
"10/23/2019","W","6,709"
"10/24/2019","W","6,827"
"10/25/2019","W","6,498"
"10/26/2019","A","4,176"
"10/27/2019","U","4,080"
"10/28/2019","W","6,272"
"10/29/2019","W","6,472"
"10/30/2019","W","6,190"
"10/31/2019","W","6,415"
"11/01/2019","W","6,523"
"11/02/2019","A","4,522"
"11/03/2019","U","3,834"
"11/04/2019","W","6,353"
"11/05/2019","W","6,535"
"11/06/2019","W","6,534"
"11/07/2019","W","6,620"
"11/08/2019","W","6,343"
"11/09/2019","A","4,929"
"11/10/2019","U","3,621"
"11/11/2019","W","5,453"
"11/12/2019","W","6,141"
"11/13/2019","W","6,281"
"11/14/2019","W","6,406"
"11/15/2019","W","6,500"
"11/16/2019","A","5,484"
"11/17/2019","U","3,222"
"11/18/2019","W","6,242"
"11/19/2019","W","6,489"
"11/20/2019","W","6,346"
"11/21/2019","W","6,460"
"11/22/2019","W","6,834"
"11/23/2019","A","5,774"
"11/24/2019","U","3,731"
"11/25/2019","W","5,978"
"11/26/2019","W","5,666"
"11/27/2019","W","4,467"
"11/28/2019","U","1,746"
"11/29/2019","W","3,359"
"11/30/2019","A","2,794"
"12/01/2019","U","2,423"
"12/02/2019","W","5,704"
"12/03/2019","W","6,051"
"12/04/2019","W","6,222"
"12/05/2019","W","6,399"
"12/06/2019","W","6,921"
"12/07/2019","A","5,489"
"12/08/2019","U","3,673"
"12/09/2019","W","5,793"
"12/10/2019","W","5,828"
"12/11/2019","W","6,012"
"12/12/2019","W","6,253"
"12/13/2019","W","6,714"
"12/14/2019","A","5,346"
"12/15/2019","U","3,187"
"12/16/2019","W","5,666"
"12/17/2019","W","5,952"
"12/18/2019","W","5,575"
"12/19/2019","W","5,924"
"12/20/2019","W","5,707"
"12/21/2019","A","4,801"
"12/22/2019","U","3,670"
"12/23/2019","W","3,966"
"12/24/2019","W","2,218"
"12/25/2019","U","925"
"12/26/2019","W","2,859"
"12/27/2019","W","3,741"
"12/28/2019","A","3,527"
"12/29/2019","U","2,952"
"12/30/2019","W","4,182"
"12/31/2019","W","4,217"
"01/01/2020","U","4,645"
"01/02/2020","W","4,861"
"01/03/2020","W","5,131"
"01/04/2020","A","3,606"
"01/05/2020","U","2,643"
"01/06/2020","W","5,810"
"01/07/2020","W","6,099"
"01/08/2020","W","5,998"
"01/09/2020","W","6,194"
"01/10/2020","W","6,054"
"01/11/2020","A","3,058"
"01/12/2020","U","2,712"
"01/13/2020","W","6,263"
"01/14/2020","W","6,257"
"01/15/2020","W","6,375"
"01/16/2020","W","6,278"
"01/17/2020","W","6,043"
"01/18/2020","A","3,638"
"01/19/2020","U","2,509"
"01/20/2020","W","3,853"
"01/21/2020","W","6,188"
"01/22/2020","W","6,368"
"01/23/2020","W","6,292"
"01/24/2020","W","6,118"
"01/25/2020","A","3,707"
"01/26/2020","U","2,771"
"01/27/2020","W","6,111"
"01/28/2020","W","6,296"
"01/29/2020","W","6,370"
"01/30/2020","W","6,391"
"01/31/2020","W","6,018"
"02/01/2020","A","3,780"
"02/02/2020","U","3,174"
"02/03/2020","W","6,076"
"02/04/2020","W","6,336"
"02/05/2020","W","6,358"
"02/06/2020","W","6,325"
"02/07/2020","W","6,204"
"02/08/2020","A","3,551"
"02/09/2020","U","2,668"
"02/10/2020","W","6,043"
"02/11/2020","W","6,331"
"02/12/2020","W","6,472"
"02/13/2020","W","6,131"
"02/14/2020","W","5,599"
"02/15/2020","A","3,626"
"02/16/2020","U","3,335"
"02/17/2020","W","4,679"
"02/18/2020","W","6,274"
"02/19/2020","W","6,377"
"02/20/2020","W","6,302"
"02/21/2020","W","5,923"
"02/22/2020","A","4,384"
"02/23/2020","U","3,024"
"02/24/2020","W","5,890"
"02/25/2020","W","6,150"
"02/26/2020","W","6,102"
"02/27/2020","W","6,292"
"02/28/2020","W","5,953"
"02/29/2020","A","3,826"
"03/01/2020","U","3,011"
"03/02/2020","W","5,928"
"03/03/2020","W","6,266"
"03/04/2020","W","6,290"
"03/05/2020","W","6,366"
"03/06/2020","W","6,048"
"03/07/2020","A","4,265"
"03/08/2020","U","3,339"
"03/09/2020","W","5,925"
"03/10/2020","W","6,320"
"03/11/2020","W","6,158"
"03/12/2020","W","5,492"
"03/13/2020","W","4,590"
"03/14/2020","A","3,507"
"03/15/2020","U","1,962"
"03/16/2020","W","1,950"
"03/17/2020","W","1,441"
"03/18/2020","W","985"
"03/19/2020","W","863"
"03/20/2020","W","844"
"03/21/2020","A","496"
"03/22/2020","U","339"
"03/23/2020","W","551"
"03/24/2020","W","512"
"03/25/2020","W","559"
"03/26/2020","W","479"
"03/27/2020","W","500"
"03/28/2020","A","357"
"03/29/2020","U","338"
"03/30/2020","W","505"
"03/31/2020","W","519"
"04/01/2020","W","555"
"04/02/2020","W","495"
"04/03/2020","W","518"
"04/04/2020","A","313"
"04/05/2020","U","254"
"04/06/2020","W","562"
"04/07/2020","W","504"
"04/08/2020","W","526"
"04/09/2020","W","473"
"04/10/2020","W","437"
"04/11/2020","A","339"
"04/12/2020","U","250"
"04/13/2020","W","520"
"04/14/2020","W","496"
"04/15/2020","W","519"
"04/16/2020","W","430"
"04/17/2020","W","427"
"04/18/2020","A","347"
"04/19/2020","U","322"
"04/20/2020","W","491"
"04/21/2020","W","566"
"04/22/2020","W","522"
"04/23/2020","W","483"
"04/24/2020","W","455"
"04/25/2020","A","330"
"04/26/2020","U","301"
"04/27/2020","W","436"
"04/28/2020","W","485"
"04/29/2020","W","428"
"04/30/2020","W","481"
"05/01/2020","W","506"
"05/02/2020","A","342"
"05/03/2020","U","301"
"05/04/2020","W","451"
"05/05/2020","W","488"
"05/06/2020","W","466"
"05/07/2020","W","483"
"05/08/2020","W","440"
"05/09/2020","A","353"
"05/10/2020","U","251"
"05/11/2020","W","450"
"05/12/2020","W","467"
"05/13/2020","W","499"
"05/14/2020","W","480"
"05/15/2020","W","474"
"05/16/2020","A","387"
"05/17/2020","U","230"
"05/18/2020","W","459"
"05/19/2020","W","440"
"05/20/2020","W","519"
"05/21/2020","W","473"
"05/22/2020","W","429"
"05/23/2020","A","351"
"05/24/2020","U","365"
"05/25/2020","U","299"
"05/26/2020","W","472"
"05/27/2020","W","491"
"05/28/2020","W","494"
"05/29/2020","W","540"
"05/30/2020","A","573"
"05/31/2020","U","185"
"06/01/2020","W","165"
"06/02/2020","W","136"
"06/03/2020","W","458"
"06/04/2020","W","540"
"06/05/2020","W","619"
"06/06/2020","A","541"
"06/07/2020","U","520"
"06/08/2020","W","617"
"06/09/2020","W","601"
"06/10/2020","W","684"
"06/11/2020","W","760"
"06/12/2020","W","859"
"06/13/2020","A","689"
"06/14/2020","U","1,003"
"06/15/2020","W","737"
"06/16/2020","W","736"
"06/17/2020","W","730"
"06/18/2020","W","792"
"06/19/2020","W","886"
"06/20/2020","A","735"
"06/21/2020","U","585"
"06/22/2020","W","616"
"06/23/2020","W","860"
"06/24/2020","W","859"
"06/25/2020","W","934"
"06/26/2020","W","932"
"06/27/2020","A","926"
"06/28/2020","U","860"
"06/29/2020","W","908"
"06/30/2020","W","942"
"07/01/2020","W","997"
"07/02/2020","W","1,040"
"07/03/2020","U","993"
"07/04/2020","A","837"
"07/05/2020","U","731"
"07/06/2020","W","932"
"07/07/2020","W","957"
"07/08/2020","W","970"
"07/09/2020","W","991"
"07/10/2020","W","1,039"
"07/11/2020","A","982"
"07/12/2020","U","787"
"07/13/2020","W","1,004"
"07/14/2020","W","1,085"
"07/15/2020","W","1,021"
"07/16/2020","W","1,113"
"07/17/2020","W","1,193"
"07/18/2020","A","963"
"07/19/2020","U","622"
"07/20/2020","W","1,036"
"07/21/2020","W","999"
"07/22/2020","W","1,047"
"07/23/2020","W","1,087"
"07/24/2020","W","1,360"
"07/25/2020","A","1,166"
"07/26/2020","U","814"
"07/27/2020","W","930"
"07/28/2020","W","998"
"07/29/2020","W","1,043"
"07/30/2020","W","1,094"
"07/31/2020","W","1,243"
"08/01/2020","A","1,101"
"08/02/2020","U","802"
"08/03/2020","W","1,046"
"08/04/2020","W","1,132"
"08/05/2020","W","1,158"
"08/06/2020","W","1,180"
"08/07/2020","W","1,260"
"08/08/2020","A","1,075"
"08/09/2020","U","820"
"08/10/2020","W","756"
"08/11/2020","W","1,055"
"08/12/2020","W","1,127"
"08/13/2020","W","1,123"
"08/14/2020","W","1,197"
"08/15/2020","A","994"
"08/16/2020","U","762"
"08/17/2020","W","1,066"
"08/18/2020","W","1,108"
"08/19/2020","W","1,160"
"08/20/2020","W","1,141"
"08/21/2020","W","1,244"
"08/22/2020","A","978"
"08/23/2020","U","739"
"08/24/2020","W","1,027"
"08/25/2020","W","1,112"
"08/26/2020","W","1,072"
"08/27/2020","W","1,106"
"08/28/2020","W","1,254"
"08/29/2020","A","1,070"
"08/30/2020","U","832"
"08/31/2020","W","1,060"
"09/01/2020","W","1,068"
"09/02/2020","W","1,215"
"09/03/2020","W","1,233"
"09/04/2020","W","1,355"
"09/05/2020","A","1,441"
"09/06/2020","U","979"
"09/07/2020","U","871"
"09/08/2020","W","1,132"
"09/09/2020","W","1,257"
"09/10/2020","W","1,257"
"09/11/2020","W","1,309"
"09/12/2020","A","1,092"
"09/13/2020","U","909"
"09/14/2020","W","1,189"
"09/15/2020","W","1,301"
"09/16/2020","W","1,303"
"09/17/2020","W","1,281"
"09/18/2020","W","1,494"
"09/19/2020","A","1,363"
"09/20/2020","U","1,005"
"09/21/2020","W","1,207"
"09/22/2020","W","1,282"
"09/23/2020","W","1,240"
"09/24/2020","W","1,305"
"09/25/2020","W","1,538"
"09/26/2020","A","1,364"
"09/27/2020","U","1,044"
"09/28/2020","W","1,128"
"09/29/2020","W","1,198"
"09/30/2020","W","1,314"
"10/01/2020","W","1,313"
"10/02/2020","W","1,557"
"10/03/2020","A","1,172"
"10/04/2020","U","738"
"10/05/2020","W","1,201"
"10/06/2020","W","1,241"
"10/07/2020","W","1,292"
"10/08/2020","W","1,313"
"10/09/2020","W","1,435"
"10/10/2020","A","1,087"
"10/11/2020","U","764"
"10/12/2020","W","1,115"
"10/13/2020","W","1,251"
"10/14/2020","W","1,274"
"10/15/2020","W","1,323"
"10/16/2020","W","1,491"
"10/17/2020","A","1,307"
"10/18/2020","U","860"
"10/19/2020","W","1,092"
"10/20/2020","W","1,242"
"10/21/2020","W","1,157"
"10/22/2020","W","1,252"
"10/23/2020","W","1,337"
"10/24/2020","A","1,314"
"10/25/2020","U","868"
"10/26/2020","W","1,072"
"10/27/2020","W","1,160"
"10/28/2020","W","1,240"
"10/29/2020","W","1,276"
"10/30/2020","W","1,398"
"10/31/2020","A","1,122"
"11/01/2020","U","769"
"11/02/2020","W","1,104"
"11/03/2020","W","1,135"
"11/04/2020","W","1,033"
"11/05/2020","W","1,150"
"11/06/2020","W","1,349"
"11/07/2020","A","973"
"11/08/2020","U","813"
"11/09/2020","W","1,146"
"11/10/2020","W","1,128"
"11/11/2020","W","1,131"
"11/12/2020","W","1,211"
"11/13/2020","W","1,254"
"11/14/2020","A","920"
"11/15/2020","U","636"
"11/16/2020","W","935"
"11/17/2020","W","1,040"
"11/18/2020","W","1,022"
"11/19/2020","W","1,034"
"11/20/2020","W","1,075"
"11/21/2020","A","832"
"11/22/2020","U","542"
"11/23/2020","W","906"
"11/24/2020","W","901"
"11/25/2020","W","844"
"11/26/2020","U","364"
"11/27/2020","W","672"
"11/28/2020","A","734"
"11/29/2020","U","533"
"11/30/2020","W","853"
"12/01/2020","W","932"
"12/02/2020","W","910"
"12/03/2020","W","947"
"12/04/2020","W","975"
"12/05/2020","A","861"
"12/06/2020","U","605"
"12/07/2020","W","926"
"12/08/2020","W","970"
"12/09/2020","W","959"
"12/10/2020","W","952"
"12/11/2020","W","911"
"12/12/2020","A","783"
"12/13/2020","U","665"
"12/14/2020","W","934"
"12/15/2020","W","959"
"12/16/2020","W","969"
"12/17/2020","W","955"
"12/18/2020","W","1,029"
"12/19/2020","A","872"
"12/20/2020","U","637"
"12/21/2020","W","936"
"12/22/2020","W","945"
"12/23/2020","W","890"
"12/24/2020","W","512"
"12/25/2020","U","231"
"12/26/2020","A","568"
"12/27/2020","U","524"
"12/28/2020","W","834"
"12/29/2020","W","867"
"12/30/2020","W","878"
"12/31/2020","W","785"
"01/01/2021","U","543"
"01/02/2021","A","762"
"01/03/2021","U","562"
"01/04/2021","W","816"
"01/05/2021","W","867"
"01/06/2021","W","893"
"01/07/2021","W","875"
"01/08/2021","W","902"
"01/09/2021","A","2,390"
"01/10/2021","U","1,052"
"01/11/2021","W","908"
"01/12/2021","W","952"
"01/13/2021","W","947"
"01/14/2021","W","914"
"01/15/2021","W","1,038"
"01/16/2021","A","1,033"
"01/17/2021","U","757"
"01/18/2021","W","887"
"01/19/2021","W","985"
"01/20/2021","W","947"
"01/21/2021","W","1,012"
"01/22/2021","W","1,037"
"01/23/2021","A","891"
"01/24/2021","U","622"
"01/25/2021","W","880"
"01/26/2021","W","955"
"01/27/2021","W","1,032"
"01/28/2021","W","995"
"01/29/2021","W","1,117"
"01/30/2021","A","973"
"01/31/2021","U","689"
"02/01/2021","W","1,020"
"02/02/2021","W","1,153"
"02/03/2021","W","1,220"
"02/04/2021","W","1,105"
"02/05/2021","W","1,065"
"02/06/2021","A","849"
"02/07/2021","U","606"
"02/08/2021","W","1,005"
"02/09/2021","W","1,080"
"02/10/2021","W","1,054"
"02/11/2021","W","1,141"
"02/12/2021","W","1,243"
"02/13/2021","A","1,130"
"02/14/2021","U","667"
"02/15/2021","W","957"
"02/16/2021","W","1,080"
"02/17/2021","W","1,263"
"02/18/2021","W","1,262"
"02/19/2021","W","1,323"
"02/20/2021","A","1,138"
"02/21/2021","U","745"
"02/22/2021","W","1,154"
"02/23/2021","W","1,265"
"02/24/2021","W","1,214"
"02/25/2021","W","1,228"
"02/26/2021","W","1,427"
"02/27/2021","A","1,466"
"02/28/2021","U","877"
"03/01/2021","W","1,044"
"03/02/2021","W","1,187"
"03/03/2021","W","1,358"
"03/04/2021","W","1,301"
"03/05/2021","W","1,334"
"03/06/2021","A","1,395"
"03/07/2021","U","975"
"03/08/2021","W","1,264"
"03/09/2021","W","1,365"
"03/10/2021","W","1,275"
"03/11/2021","W","1,322"
"03/12/2021","W","1,543"
"03/13/2021","A","2,241"
"03/14/2021","U","1,173"
"03/15/2021","W","1,126"
"03/16/2021","W","1,307"
"03/17/2021","W","1,467"
"03/18/2021","W","1,365"
"03/19/2021","W","1,554"
"03/20/2021","A","1,918"
"03/21/2021","U","1,284"
"03/22/2021","W","1,330"
"03/23/2021","W","1,324"
"03/24/2021","W","1,421"
"03/25/2021","W","1,487"
"03/26/2021","W","1,742"
"03/27/2021","A","1,791"
"03/28/2021","U","1,211"
"03/29/2021","W","1,418"
"03/30/2021","W","1,565"
"03/31/2021","W","1,620"
"04/01/2021","W","3,019"
"04/02/2021","W","1,909"
"04/03/2021","A","3,543"
"04/04/2021","U","2,601"
"04/05/2021","W","2,716"
"04/06/2021","W","2,953"
"04/07/2021","W","3,116"
"04/08/2021","W","1,553"
"04/09/2021","W","2,048"
"04/10/2021","A","1,698"
"04/11/2021","U","1,290"
"04/12/2021","W","1,489"
"04/13/2021","W","1,653"
"04/14/2021","W","1,691"
"04/15/2021","W","1,752"
"04/16/2021","W","3,643"
"04/17/2021","A","4,097"
"04/18/2021","U","2,971"
"04/19/2021","W","1,551"
"04/20/2021","W","2,738"
"04/21/2021","W","2,849"
"04/22/2021","W","3,407"
"04/23/2021","W","4,119"
"04/24/2021","A","3,788"
"04/25/2021","U","2,983"
"04/26/2021","W","1,426"
"04/27/2021","W","1,916"
"04/28/2021","W","1,732"
"04/29/2021","W","1,877"
"04/30/2021","W","2,280"
"05/01/2021","A","2,622"
"05/02/2021","U","1,764"
"05/03/2021","W","2,376"
"05/04/2021","W","4,020"
"05/05/2021","W","3,413"
"05/06/2021","W","2,071"
"05/07/2021","W","4,209"
"05/08/2021","A","4,380"
"05/09/2021","U","2,768"
"05/10/2021","W","1,437"
"05/11/2021","W","1,834"
"05/12/2021","W","1,861"
"05/13/2021","W","2,177"
"05/14/2021","W","2,505"
"05/15/2021","A","2,784"
"05/16/2021","U","2,030"
"05/17/2021","W","3,544"
"05/18/2021","W","3,469"
"05/19/2021","W","3,784"
"05/20/2021","W","4,449"
"05/21/2021","W","2,769"
"05/22/2021","A","3,365"
"05/23/2021","U","2,086"
"05/24/2021","W","1,905"
"05/25/2021","W","2,026"
"05/26/2021","W","2,051"
"05/27/2021","W","2,000"
"05/28/2021","W","5,582"
"05/29/2021","A","7,592"
"05/30/2021","U","7,579"
"05/31/2021","U","5,956"
"06/01/2021","W","5,433"
"06/02/2021","W","5,926"
"06/03/2021","W","2,305"
"06/04/2021","W","2,820"
"06/05/2021","A","3,529"
"06/06/2021","U","2,516"
"06/07/2021","W","1,929"
"06/08/2021","W","2,186"
"06/09/2021","W","2,627"
"06/10/2021","W","2,515"
"06/11/2021","W","8,742"
"06/12/2021","A","10,017"
"06/13/2021","U","8,086"
"06/14/2021","W","2,417"
"06/15/2021","W","2,500"
"06/16/2021","W","2,612"
"06/17/2021","W","2,588"
"06/18/2021","W","8,371"
"06/19/2021","A","11,512"
"06/20/2021","U","7,436"
"06/21/2021","W","7,408"
"06/22/2021","W","8,036"
"06/23/2021","W","2,677"
"06/24/2021","W","2,347"
"06/25/2021","W","3,131"
"06/26/2021","A","3,999"
"06/27/2021","U","3,502"
"06/28/2021","W","2,495"
"06/29/2021","W","2,326"
"06/30/2021","W","2,519"
"07/01/2021","W","2,732"
"07/02/2021","W","3,083"
"07/03/2021","A","3,641"
"07/04/2021","U","3,278"
"07/05/2021","U","8,696"
"07/06/2021","W","7,801"
"07/07/2021","W","6,914"
"07/08/2021","W","8,041"
"07/09/2021","W","11,404"
"07/10/2021","A","12,307"
"07/11/2021","U","5,926"
"07/12/2021","W","2,417"
"07/13/2021","W","2,746"
"07/14/2021","W","2,741"
"07/15/2021","W","2,760"
"07/16/2021","W","3,268"
"07/17/2021","A","4,541"
"07/18/2021","U","3,451"
"07/19/2021","W","2,623"
"07/20/2021","W","2,829"
"07/21/2021","W","2,883"
"07/22/2021","W","3,108"
"07/23/2021","W","10,522"
"07/24/2021","A","10,931"
"07/25/2021","U","8,735"
"07/26/2021","W","7,687"
"07/27/2021","W","7,943"
"07/28/2021","W","8,366"
"07/29/2021","W","10,516"
"07/30/2021","W","4,617"
"07/31/2021","A","7,407"
"08/01/2021","U","4,061"
"08/02/2021","W","2,701"
"08/03/2021","W","2,836"
"08/04/2021","W","2,939"
"08/05/2021","W","2,999"
"08/06/2021","W","12,760"
"08/07/2021","A","13,059"
"08/08/2021","U","10,262"
"08/09/2021","W","6,001"
"08/10/2021","W","7,882"
"08/11/2021","W","6,427"
"08/12/2021","W","8,502"
"08/13/2021","W","3,274"
"08/14/2021","A","4,340"
"08/15/2021","U","8,332"
"08/16/2021","W","2,827"
"08/17/2021","W","2,606"
"08/18/2021","W","2,706"
"08/19/2021","W","2,887"
"08/20/2021","W","8,586"
"08/21/2021","A","9,576"
"08/22/2021","U","5,743"
"08/23/2021","W","4,238"
"08/24/2021","W","3,944"
"08/25/2021","W","5,936"
"08/26/2021","W","3,029"
"08/27/2021","W","3,410"
"08/28/2021","A","3,558"
"08/29/2021","U","3,665"
"08/30/2021","W","6,394"
"08/31/2021","W","3,103"
"09/01/2021","W","3,047"
"09/02/2021","W","6,306"
"09/03/2021","W","7,462"
"09/04/2021","A","8,453"
"09/05/2021","U","8,758"
"09/06/2021","U","6,009"
"09/07/2021","W","4,579"
"09/08/2021","W","5,727"
"09/09/2021","W","3,677"
"09/10/2021","W","8,886"
"09/11/2021","A","10,270"
"09/12/2021","U","7,323"
"09/13/2021","W","2,966"
"09/14/2021","W","3,179"
"09/15/2021","W","3,458"
"09/16/2021","W","6,670"
"09/17/2021","W","9,330"
"09/18/2021","A","10,870"
"09/19/2021","U","4,460"
"09/20/2021","W","3,229"
"09/21/2021","W","6,253"
"09/22/2021","W","6,283"
"09/23/2021","W","3,632"
"09/24/2021","W","12,754"
"09/25/2021","A","11,921"
"09/26/2021","U","7,330"
"09/27/2021","W","3,064"
"09/28/2021","W","3,350"
"09/29/2021","W","3,464"
"09/30/2021","W","3,424"
"10/01/2021","W","4,189"
"10/02/2021","A","5,045"
"10/03/2021","U","3,574"
"10/04/2021","W","3,005"
"10/05/2021","W","3,294"
"10/06/2021","W","3,040"
"10/07/2021","W","3,210"
"10/08/2021","W","3,758"
"10/09/2021","A","4,712"
"10/10/2021","U","5,650"
"10/11/2021","W","2,659"
"10/12/2021","W","3,381"
"10/13/2021","W","3,286"
"10/14/2021","W","3,548"
"10/15/2021","W","3,731"
"10/16/2021","A","4,915"
"10/17/2021","U","3,287"
"10/18/2021","W","3,098"
"10/19/2021","W","3,378"
"10/20/2021","W","3,368"
"10/21/2021","W","3,387"
"10/22/2021","W","4,053"
"10/23/2021","A","4,064"
"10/24/2021","U","2,231"
"10/25/2021","W","2,749"
"10/26/2021","W","3,196"
"10/27/2021","W","3,322"
"10/28/2021","W","3,287"
"10/29/2021","W","3,413"
"10/30/2021","A","4,682"
"10/31/2021","U","5,287"
"11/01/2021","W","3,082"
"11/02/2021","W","3,099"
"11/03/2021","W","3,283"
"11/04/2021","W","3,477"
"11/05/2021","W","3,283"
"11/06/2021","A","3,836"
"11/07/2021","U","2,577"
"11/08/2021","W","2,901"
"11/09/2021","W","3,219"
"11/10/2021","W","3,239"
"11/11/2021","W","3,141"
"11/12/2021","W","3,364"
"11/13/2021","A","3,498"
"11/14/2021","U","2,365"
"11/15/2021","W","2,780"
"11/16/2021","W","3,161"
"11/17/2021","W","3,202"
"11/18/2021","W","3,195"
"11/19/2021","W","3,792"
"11/20/2021","A","8,524"
"11/21/2021","U","3,087"
"11/22/2021","W","2,774"
"11/23/2021","W","2,806"
"11/24/2021","W","2,471"
"11/25/2021","U","1,479"
"11/26/2021","W","2,052"
"11/27/2021","A","2,693"
"11/28/2021","U","1,789"
"11/29/2021","W","2,438"
"11/30/2021","W","2,829"
"12/01/2021","W","2,911"
"12/02/2021","W","3,252"
"12/03/2021","W","3,724"
"12/04/2021","A","3,769"
"12/05/2021","U","1,636"
"12/06/2021","W","2,601"
"12/07/2021","W","2,849"
"12/08/2021","W","2,964"
"12/09/2021","W","3,267"
"12/10/2021","W","3,271"
"12/11/2021","A","4,252"
"12/12/2021","U","2,156"
"12/13/2021","W","2,558"
"12/14/2021","W","2,846"
"12/15/2021","W","2,964"
"12/16/2021","W","3,098"
"12/17/2021","W","2,899"
"12/18/2021","A","2,789"
"12/19/2021","U","1,787"
"12/20/2021","W","2,188"
"12/21/2021","W","2,053"
"12/22/2021","W","1,827"
"12/23/2021","W","1,802"
"12/24/2021","U","1,048"
"12/25/2021","A","395"
"12/26/2021","U","1,213"
"12/27/2021","W","1,848"
"12/28/2021","W","1,599"
"12/29/2021","W","2,183"
"12/30/2021","W","2,254"
"12/31/2021","U","2,270"
"01/01/2022","A","2,332"
"01/02/2022","U","1,384"
"01/03/2022","W","1,579"
"01/04/2022","W","1,639"
"01/05/2022","W","1,468"
"01/06/2022","W","1,529"
"01/07/2022","W","1,542"
"01/08/2022","A","1,715"
"01/09/2022","U","1,281"
"01/10/2022","W","1,550"
"01/11/2022","W","1,710"
"01/12/2022","W","1,849"
"01/13/2022","W","1,964"
"01/14/2022","W","2,196"
"01/15/2022","A","1,601"
"01/16/2022","U","1,094"
"01/17/2022","W","1,565"
"01/18/2022","W","2,136"
"01/19/2022","W","2,207"
"01/20/2022","W","2,146"
"01/21/2022","W","2,173"
"01/22/2022","A","1,965"
"01/23/2022","U","1,514"
"01/24/2022","W","2,202"
"01/25/2022","W","2,163"
"01/26/2022","W","2,015"
"01/27/2022","W","2,437"
"01/28/2022","W","2,313"
"01/29/2022","A","2,336"
"01/30/2022","U","1,572"
"01/31/2022","W","2,194"
"02/01/2022","W","2,522"
"02/02/2022","W","2,000"
"02/03/2022","W","2,476"
"02/04/2022","W","2,823"
"02/05/2022","A","2,397"
"02/06/2022","U","1,649"
"02/07/2022","W","2,386"
"02/08/2022","W","2,699"
"02/09/2022","W","2,689"
"02/10/2022","W","2,812"
"02/11/2022","W","2,893"
"02/12/2022","A","2,445"
"02/13/2022","U","1,839"
"02/14/2022","W","2,413"
"02/15/2022","W","2,722"
"02/16/2022","W","2,738"
"02/17/2022","W","2,473"
"02/18/2022","W","2,777"
"02/19/2022","A","2,647"
"02/20/2022","U","1,993"
"02/21/2022","W","2,242"
"02/22/2022","W","2,740"
"02/23/2022","W","2,801"
"02/24/2022","W","2,869"
"02/25/2022","W","2,819"
"02/26/2022","A","2,687"
"02/27/2022","U","1,898"
"02/28/2022","W","2,503"
"03/01/2022","W","2,828"
"03/02/2022","W","2,932"
"03/03/2022","W","3,027"
"03/04/2022","W","3,099"
"03/05/2022","A","3,264"
"03/06/2022","U","1,992"
"03/07/2022","W","2,434"
"03/08/2022","W","2,961"
"03/09/2022","W","2,936"
"03/10/2022","W","3,196"
"03/11/2022","W","3,411"
"03/12/2022","A","8,976"
"03/13/2022","U","2,912"
"03/14/2022","W","2,849"
"03/15/2022","W","3,184"
"03/16/2022","W","3,255"
"03/17/2022","W","3,814"
"03/18/2022","W","3,586"
"03/19/2022","A","3,418"
"03/20/2022","U","2,602"
"03/21/2022","W","2,649"
"03/22/2022","W","2,743"
"03/23/2022","W","2,894"
"03/24/2022","W","1,781"
"03/25/2022","W","3,297"
"03/26/2022","A","3,094"
"03/27/2022","U","2,050"
"03/28/2022","W","2,707"
"03/29/2022","W","3,137"
"03/30/2022","W","2,980"
"03/31/2022","W","3,414"
"04/01/2022","W","3,560"
"04/02/2022","A","3,019"
"04/03/2022","U","2,241"
"04/04/2022","W","2,893"
"04/05/2022","W","3,279"
"04/06/2022","W","3,336"
"04/07/2022","W","8,177"
"04/08/2022","W","4,555"
"04/09/2022","A","8,372"
"04/10/2022","U","7,388"
"04/11/2022","W","2,628"
"04/12/2022","W","3,242"
"04/13/2022","W","2,856"
"04/14/2022","W","3,273"
"04/15/2022","W","2,945"
"04/16/2022","A","2,946"
"04/17/2022","U","1,748"
"04/18/2022","W","4,595"
"04/19/2022","W","5,971"
"04/20/2022","W","5,693"
"04/21/2022","W","7,098"
"04/22/2022","W","5,690"
"04/23/2022","A","11,087"
"04/24/2022","U","5,380"
"04/25/2022","W","2,799"
"04/26/2022","W","3,187"
"04/27/2022","W","3,174"
"04/28/2022","W","3,330"
"04/29/2022","W","3,546"
"04/30/2022","A","3,515"
"05/01/2022","U","2,363"
"05/02/2022","W","2,781"
"05/03/2022","W","6,466"
"05/04/2022","W","8,116"
"05/05/2022","W","3,577"
"05/06/2022","W","3,946"
"05/07/2022","A","13,279"
"05/08/2022","U","5,955"
"05/09/2022","W","2,804"
"05/10/2022","W","3,355"
"05/11/2022","W","3,327"
"05/12/2022","W","3,547"
"05/13/2022","W","3,816"
"05/14/2022","A","4,062"
"05/15/2022","U","2,497"
"05/16/2022","W","7,139"
"05/17/2022","W","7,552"
"05/18/2022","W","6,131"
"05/19/2022","W","7,550"
"05/20/2022","W","8,394"
"05/21/2022","A","7,795"
"05/22/2022","U","7,193"
"05/23/2022","W","2,965"
"05/24/2022","W","3,338"
"05/25/2022","W","3,204"
"05/26/2022","W","3,458"
"05/27/2022","W","3,425"
"05/28/2022","A","4,620"
"05/29/2022","U","4,227"
"05/30/2022","U","12,506"
"05/31/2022","W","6,582"
"06/01/2022","W","7,145"
"06/02/2022","W","7,545"
"06/03/2022","W","9,629"
"06/04/2022","A","12,517"
"06/05/2022","U","7,300"
"06/06/2022","W","2,901"
"06/07/2022","W","3,453"
"06/08/2022","W","3,410"
"06/09/2022","W","3,746"
"06/10/2022","W","3,617"
"06/11/2022","A","4,164"
"06/12/2022","U","2,967"
"06/13/2022","W","7,283"
"06/14/2022","W","7,347"
"06/15/2022","W","7,523"
"06/16/2022","W","8,260"
"06/17/2022","W","10,937"
"06/18/2022","A","15,720"
"06/19/2022","U","11,486"
"06/20/2022","W","2,949"
"06/21/2022","W","3,241"
"06/22/2022","W","3,472"
"06/23/2022","W","3,699"
"06/24/2022","W","7,552"
"06/25/2022","A","9,203"
"06/26/2022","U","12,610"
"06/27/2022","W","3,271"
"06/28/2022","W","9,566"
"06/29/2022","W","8,164"
"06/30/2022","W","9,204"
"07/01/2022","W","9,796"
"07/02/2022","A","10,315"
"07/03/2022","U","11,616"
"07/04/2022","U","2,266"
"07/05/2022","W","2,695"
"07/06/2022","W","3,102"
"07/07/2022","W","3,394"
"07/08/2022","W","7,498"
"07/09/2022","A","7,767"
"07/10/2022","U","3,561"
"07/11/2022","W","2,945"
"07/12/2022","W","7,886"
"07/13/2022","W","8,083"
"07/14/2022","W","8,947"
"07/15/2022","W","5,202"
"07/16/2022","A","15,691"
"07/17/2022","U","8,888"
"07/18/2022","W","2,787"
"07/19/2022","W","3,352"
"07/20/2022","W","3,480"
"07/21/2022","W","3,511"
"07/22/2022","W","3,506"
"07/23/2022","A","7,557"
"07/24/2022","U","3,190"
"07/25/2022","W","8,855"
"07/26/2022","W","9,186"
"07/27/2022","W","3,417"
"07/28/2022","W","4,123"
"07/29/2022","W","4,483"
"07/30/2022","A","7,393"
"07/31/2022","U","3,407"
"08/01/2022","W","2,962"
"08/02/2022","W","3,285"
"08/03/2022","W","3,315"
"08/04/2022","W","3,713"
"08/05/2022","W","11,580"
"08/06/2022","A","13,203"
"08/07/2022","U","8,263"
"08/08/2022","W","6,801"
"08/09/2022","W","10,005"
"08/10/2022","W","8,337"
"08/11/2022","W","3,419"
"08/12/2022","W","3,812"
"08/13/2022","A","3,710"
"08/14/2022","U","2,826"
"08/15/2022","W","6,797"
"08/16/2022","W","4,080"
"08/17/2022","W","3,360"
"08/18/2022","W","3,603"
"08/19/2022","W","12,044"
"08/20/2022","A","9,960"
"08/21/2022","U","7,419"
"08/22/2022","W","7,016"
"08/23/2022","W","10,725"
"08/24/2022","W","7,798"
"08/25/2022","W","8,503"
"08/26/2022","W","3,552"
"08/27/2022","A","3,682"
"08/28/2022","U","2,653"
"08/29/2022","W","2,619"
"08/30/2022","W","3,445"
"08/31/2022","W","3,442"
"09/01/2022","W","3,496"
"09/02/2022","W","3,594"
"09/03/2022","A","7,653"
"09/04/2022","U","3,683"
"09/05/2022","U","2,185"
"09/06/2022","W","6,630"
"09/07/2022","W","6,649"
"09/08/2022","W","6,579"
"09/09/2022","W","9,424"
"09/10/2022","A","11,333"
"09/11/2022","U","4,940"
"09/12/2022","W","3,378"
"09/13/2022","W","3,938"
"09/14/2022","W","4,029"
"09/15/2022","W","4,297"
"09/16/2022","W","9,897"
"09/17/2022","A","10,043"
"09/18/2022","U","8,209"
"09/19/2022","W","3,330"
"09/20/2022","W","3,864"
"09/21/2022","W","3,936"
"09/22/2022","W","4,211"
"09/23/2022","W","3,720"
"09/24/2022","A","4,304"
"09/25/2022","U","2,376"
"09/26/2022","W","3,197"
"09/27/2022","W","7,028"
"09/28/2022","W","7,173"
"09/29/2022","W","6,855"
"09/30/2022","W","7,268"
"10/01/2022","A","8,464"
"10/02/2022","U","6,438"
"10/03/2022","W","3,211"
"10/04/2022","W","3,820"
"10/05/2022","W","3,782"
"10/06/2022","W","4,139"
"10/07/2022","W","3,225"
"10/08/2022","A","4,222"
"10/09/2022","U","5,826"
"10/10/2022","W","3,289"
"10/11/2022","W","3,743"
"10/12/2022","W","3,675"
"10/13/2022","W","4,506"
"10/14/2022","W","4,123"
"10/15/2022","A","4,191"
"10/16/2022","U","2,722"
"10/17/2022","W","3,062"
"10/18/2022","W","3,595"
"10/19/2022","W","3,708"
"10/20/2022","W","3,863"
"10/21/2022","W","3,691"
"10/22/2022","A","3,793"
"10/23/2022","U","2,542"
"10/24/2022","W","3,073"
"10/25/2022","W","3,523"
"10/26/2022","W","3,956"
"10/27/2022","W","3,946"
"10/28/2022","W","3,589"
"10/29/2022","A","4,035"
"10/30/2022","U","3,661"
"10/31/2022","W","3,439"
"11/01/2022","W","3,851"
"11/02/2022","W","3,530"
"11/03/2022","W","3,762"
"11/04/2022","W","3,677"
"11/05/2022","A","3,902"
"11/06/2022","U","2,629"
"11/07/2022","W","3,074"
"11/08/2022","W","3,306"
"11/09/2022","W","3,795"
"11/10/2022","W","4,021"
"11/11/2022","W","3,421"
"11/12/2022","A","3,429"
"11/13/2022","U","2,497"
"11/14/2022","W","3,006"
"11/15/2022","W","3,580"
"11/16/2022","W","3,512"
"11/17/2022","W","3,640"
"11/18/2022","W","3,710"
"11/19/2022","A","3,530"
"11/20/2022","U","2,388"
"11/21/2022","W","2,882"
"11/22/2022","W","3,087"
"11/23/2022","W","2,887"
"11/24/2022","U","1,418"
"11/25/2022","W","3,131"
"11/26/2022","A","3,558"
"11/27/2022","U","1,820"
"11/28/2022","W","2,690"
"11/29/2022","W","3,283"
"11/30/2022","W","3,223"
"12/01/2022","W","3,434"
"12/02/2022","W","3,871"
"12/03/2022","A","4,819"
"12/04/2022","U","2,794"
"12/05/2022","W","2,923"
"12/06/2022","W","3,622"
"12/07/2022","W","3,893"
"12/08/2022","W","4,027"
"12/09/2022","W","3,696"
"12/10/2022","A","6,710"
"12/11/2022","U","3,238"
"12/12/2022","W","3,138"
"12/13/2022","W","3,691"
"12/14/2022","W","3,268"
"12/15/2022","W","3,874"
"12/16/2022","W","3,915"
"12/17/2022","A","4,703"
"12/18/2022","U","2,977"
"12/19/2022","W","2,917"
"12/20/2022","W","3,111"
"12/21/2022","W","3,005"
"12/22/2022","W","1,722"
"12/23/2022","W","835"
"12/24/2022","A","780"
"12/25/2022","U","356"
"12/26/2022","U","1,654"
"12/27/2022","W","2,197"
"12/28/2022","W","2,835"
"12/29/2022","W","3,248"
"12/30/2022","W","3,577"
"12/31/2022","A","3,067"
"01/01/2023","U","3,019"
"01/02/2023","U","2,040"
"01/03/2023","W","2,745"
"01/04/2023","W","2,905"
"01/05/2023","W","3,037"
"01/06/2023","W","2,712"
"01/07/2023","A","2,781"
"01/08/2023","U","2,016"
"01/09/2023","W","2,485"
"01/10/2023","W","3,204"
"01/11/2023","W","3,208"
"01/12/2023","W","3,305"
"01/13/2023","W","2,842"
"01/14/2023","A","2,706"
"01/15/2023","U","2,161"
"01/16/2023","W","1,942"
"01/17/2023","W","3,149"
"01/18/2023","W","3,327"
"01/19/2023","W","3,475"
"01/20/2023","W","3,136"
"01/21/2023","A","2,754"
"01/22/2023","U","1,965"
"01/23/2023","W","2,792"
"01/24/2023","W","3,397"
"01/25/2023","W","3,355"
"01/26/2023","W","3,482"
"01/27/2023","W","2,987"
"01/28/2023","A","2,896"
"01/29/2023","U","2,016"
"01/30/2023","W","2,689"
"01/31/2023","W","2,957"
"02/01/2023","W","3,324"
"02/02/2023","W","3,488"
"02/03/2023","W","2,581"
"02/04/2023","A","2,625"
"02/05/2023","U","1,962"
"02/06/2023","W","2,826"
"02/07/2023","W","3,337"
"02/08/2023","W","3,454"
"02/09/2023","W","3,309"
"02/10/2023","W","2,858"
"02/11/2023","A","2,538"
"02/12/2023","U","2,268"
"02/13/2023","W","2,776"
"02/14/2023","W","3,499"
"02/15/2023","W","3,486"
"02/16/2023","W","3,203"
"02/17/2023","W","3,107"
"02/18/2023","A","3,191"
"02/19/2023","U","2,423"
"02/20/2023","W","2,593"
"02/21/2023","W","3,395"
"02/22/2023","W","3,108"
"02/23/2023","W","3,585"
"02/24/2023","W","3,249"
"02/25/2023","A","3,155"
"02/26/2023","U","2,187"
"02/27/2023","W","2,835"
"02/28/2023","W","3,494"
"03/01/2023","W","3,611"
"03/02/2023","W","3,596"
"03/03/2023","W","2,844"
"03/04/2023","A","3,111"
"03/05/2023","U","2,189"
"03/06/2023","W","2,902"
"03/07/2023","W","3,647"
"03/08/2023","W","3,521"
"03/09/2023","W","3,551"
"03/10/2023","W","3,449"
"03/11/2023","A","8,138"
"03/12/2023","U","2,515"
"03/13/2023","W","3,015"
"03/14/2023","W","3,463"
"03/15/2023","W","3,598"
"03/16/2023","W","3,923"
"03/17/2023","W","4,256"
"03/18/2023","A","3,572"
"03/19/2023","U","2,264"
"03/20/2023","W","2,792"
"03/21/2023","W","3,507"
"03/22/2023","W","3,357"
"03/23/2023","W","3,577"
"03/24/2023","W","3,325"
"03/25/2023","A","2,989"
"03/26/2023","U","2,462"
"03/27/2023","W","3,095"
"03/28/2023","W","3,731"
"03/29/2023","W","3,726"
"03/30/2023","W","10,434"
"03/31/2023","W","3,399"
"04/01/2023","A","8,409"
"04/02/2023","U","7,657"
"04/03/2023","W","3,090"
"04/04/2023","W","3,308"
"04/05/2023","W","3,469"
"04/06/2023","W","3,789"
"04/07/2023","W","8,647"
"04/08/2023","A","9,037"
"04/09/2023","U","5,966"
"04/10/2023","W","6,030"
"04/11/2023","W","7,917"
"04/12/2023","W","7,908"
"04/13/2023","W","3,954"
"04/14/2023","W","3,970"
"04/15/2023","A","4,081"
"04/16/2023","U","2,478"
"04/17/2023","W","3,091"
"04/18/2023","W","3,914"
"04/19/2023","W","3,981"
"04/20/2023","W","8,689"
"04/21/2023","W","9,473"
"04/22/2023","A","9,418"
"04/23/2023","U","7,293"
"04/24/2023","W","3,128"
"04/25/2023","W","7,271"
"04/26/2023","W","7,116"
"04/27/2023","W","7,758"
"04/28/2023","W","3,700"
"04/29/2023","A","3,767"
"04/30/2023","U","2,370"
"05/01/2023","W","2,901"
"05/02/2023","W","3,844"
"05/03/2023","W","3,813"
"05/04/2023","W","4,099"
"05/05/2023","W","9,454"
"05/06/2023","A","9,565"
"05/07/2023","U","8,425"
"05/08/2023","W","7,332"
"05/09/2023","W","9,200"
"05/10/2023","W","9,245"
"05/11/2023","W","4,253"
"05/12/2023","W","3,706"
"05/13/2023","A","3,442"
"05/14/2023","U","2,285"
"05/15/2023","W","3,028"
"05/16/2023","W","4,226"
"05/17/2023","W","3,993"
"05/18/2023","W","4,204"
"05/19/2023","W","3,669"
"05/20/2023","A","3,878"
"05/21/2023","U","2,911"
"05/22/2023","W","3,275"
"05/23/2023","W","10,295"
"05/24/2023","W","8,858"
"05/25/2023","W","9,055"
"05/26/2023","W","9,976"
"05/27/2023","A","9,653"
"05/28/2023","U","10,605"
"05/29/2023","U","8,793"
"05/30/2023","W","8,336"
"05/31/2023","W","8,565"
"06/01/2023","W","3,944"
"06/02/2023","W","4,524"
"06/03/2023","A","4,528"
"06/04/2023","U","3,467"
"06/05/2023","W","3,558"
"06/06/2023","W","4,131"
"06/07/2023","W","4,110"
"06/08/2023","W","4,030"
"06/09/2023","W","9,835"
"06/10/2023","A","10,812"
"06/11/2023","U","3,635"
"06/12/2023","W","3,214"
"06/13/2023","W","7,911"
"06/14/2023","W","8,705"
"06/15/2023","W","9,323"
"06/16/2023","W","11,753"
"06/17/2023","A","14,560"
"06/18/2023","U","12,142"
"06/19/2023","W","2,969"
"06/20/2023","W","3,710"
"06/21/2023","W","8,302"
"06/22/2023","W","8,836"
"06/23/2023","W","8,711"
"06/24/2023","A","5,793"
"06/25/2023","U","11,474"
"06/26/2023","W","3,814"
"06/27/2023","W","10,206"
"06/28/2023","W","9,715"
"06/29/2023","W","9,279"
"06/30/2023","W","11,410"
"07/01/2023","A","10,817"
"07/02/2023","U","10,646"
"07/03/2023","W","3,393"
"07/04/2023","U","2,520"
"07/05/2023","W","3,266"
"07/06/2023","W","3,802"
"07/07/2023","W","3,875"
"07/08/2023","A","3,742"
"07/09/2023","U","3,029"
"07/10/2023","W","3,292"
"07/11/2023","W","3,810"
"07/12/2023","W","3,528"
"07/13/2023","W","4,138"
"07/14/2023","W","11,134"
"07/15/2023","A","12,447"
"07/16/2023","U","10,674"
"07/17/2023","W","8,098"
"07/18/2023","W","8,451"
"07/19/2023","W","8,242"
"07/20/2023","W","10,622"
"07/21/2023","W","12,555"
"07/22/2023","A","14,471"
"07/23/2023","U","8,463"
"07/24/2023","W","3,394"
"07/25/2023","W","4,135"
"07/26/2023","W","3,990"
"07/27/2023","W","4,105"
"07/28/2023","W","3,782"
"07/29/2023","A","6,604"
"07/30/2023","U","3,380"
"07/31/2023","W","7,215"
"08/01/2023","W","8,038"
"08/02/2023","W","8,215"
"08/03/2023","W","9,018"
"08/04/2023","W","10,313"
"08/05/2023","A","10,482"
"08/06/2023","U","11,467"
"08/07/2023","W","3,611"
"08/08/2023","W","4,261"
"08/09/2023","W","8,576"
"08/10/2023","W","4,445"
"08/11/2023","W","8,732"
"08/12/2023","A","11,374"
"08/13/2023","U","5,966"
"08/14/2023","W","3,318"
"08/15/2023","W","8,000"
"08/16/2023","W","8,246"
"08/17/2023","W","3,991"
"08/18/2023","W","9,480"
"08/19/2023","A","9,178"
"08/20/2023","U","9,621"
"08/21/2023","W","3,426"
"08/22/2023","W","4,080"
"08/23/2023","W","3,659"
"08/24/2023","W","7,073"
"08/25/2023","W","7,924"
"08/26/2023","A","4,306"
"08/27/2023","U","3,178"
"08/28/2023","W","8,941"
"08/29/2023","W","8,910"
"08/30/2023","W","9,552"
"08/31/2023","W","4,422"
"09/01/2023","W","4,329"
"09/02/2023","A","4,698"
"09/03/2023","U","3,984"
"09/04/2023","U","9,831"
"09/05/2023","W","8,038"
"09/06/2023","W","8,825"
"09/07/2023","W","8,386"
"09/08/2023","W","9,993"
"09/09/2023","A","11,498"
"09/10/2023","U","8,296"
"09/11/2023","W","3,607"
"09/12/2023","W","4,366"
"09/13/2023","W","4,450"
"09/14/2023","W","4,584"
"09/15/2023","W","4,325"
"09/16/2023","A","4,682"
"09/17/2023","U","3,268"
"09/18/2023","W","3,827"
"09/19/2023","W","9,068"
"09/20/2023","W","9,175"
"09/21/2023","W","9,445"
"09/22/2023","W","9,819"
"09/23/2023","A","11,311"
"09/24/2023","U","9,290"
"09/25/2023","W","3,677"
"09/26/2023","W","4,117"
"09/27/2023","W","4,443"
"09/28/2023","W","4,573"
"09/29/2023","W","4,618"
"09/30/2023","A","5,068"
"10/01/2023","U","3,372"
"10/02/2023","W","3,734"
"10/03/2023","W","4,456"
"10/04/2023","W","4,559"
"10/05/2023","W","4,686"
"10/06/2023","W","4,668"
"10/07/2023","A","4,905"
"10/08/2023","U","6,962"
"10/09/2023","W","3,908"
"10/10/2023","W","4,616"
"10/11/2023","W","4,457"
"10/12/2023","W","4,658"
"10/13/2023","W","4,223"
"10/14/2023","A","4,285"
"10/15/2023","U","3,409"
"10/16/2023","W","3,703"
"10/17/2023","W","4,670"
"10/18/2023","W","4,487"
"10/19/2023","W","4,614"
"10/20/2023","W","4,384"
"10/21/2023","A","4,512"
"10/22/2023","U","2,989"
"10/23/2023","W","3,687"
"10/24/2023","W","4,369"
"10/25/2023","W","4,347"
"10/26/2023","W","3,856"
"10/27/2023","W","3,976"
"10/28/2023","A","4,476"
"10/29/2023","U","3,901"
"10/30/2023","W","3,606"
"10/31/2023","W","4,775"
"11/01/2023","W","4,410"
"11/02/2023","W","4,372"
"11/03/2023","W","4,207"
"11/04/2023","A","11,043"
"11/05/2023","U","2,889"
"11/06/2023","W","3,548"
"11/07/2023","W","4,300"
"11/08/2023","W","4,295"
"11/09/2023","W","4,875"
"11/10/2023","W","4,321"
"11/11/2023","A","4,194"
"11/12/2023","U","2,193"
"11/13/2023","W","3,592"
"11/14/2023","W","4,285"
"11/15/2023","W","4,283"
"11/16/2023","W","4,237"
"11/17/2023","W","4,407"
"11/18/2023","A","4,732"
"11/19/2023","U","3,102"
"11/20/2023","W","3,295"
"11/21/2023","W","3,417"
"11/22/2023","W","3,219"
"11/23/2023","U","1,644"
"11/24/2023","W","2,979"
"11/25/2023","A","3,290"
"11/26/2023","U","2,029"
"11/27/2023","W","3,002"
"11/28/2023","W","3,526"
"11/29/2023","W","3,962"
"11/30/2023","W","4,172"
"12/01/2023","W","3,732"
"12/02/2023","A","2,559"
"12/03/2023","U","1,013"
"12/04/2023","W","3,322"
"12/05/2023","W","4,089"
"12/06/2023","W","4,213"
"12/07/2023","W","4,685"
"12/08/2023","W","5,604"
"12/09/2023","A","7,530"
"12/10/2023","U","3,795"
"12/11/2023","W","3,431"
"12/12/2023","W","4,188"
"12/13/2023","W","4,264"
"12/14/2023","W","4,481"
"12/15/2023","W","4,774"
"12/16/2023","A","4,235"
"12/17/2023","U","3,601"
"12/18/2023","W","3,382"
"12/19/2023","W","3,702"
"12/20/2023","W","3,838"
"12/21/2023","W","3,678"
"12/22/2023","W","3,254"
"12/23/2023","A","3,797"
"12/24/2023","U","1,919"
"12/25/2023","U","538"
"12/26/2023","W","2,455"
"12/27/2023","W","3,400"
"12/28/2023","W","2,817"
"12/29/2023","W","3,769"
"12/30/2023","A","3,959"
"12/31/2023","U","3,027"
"01/01/2024","U","3,160"
"01/02/2024","W","2,807"
"01/03/2024","W","3,063"
"01/04/2024","W","3,132"
"01/05/2024","W","3,084"
"01/06/2024","A","3,153"
"01/07/2024","U","2,145"
"01/08/2024","W","3,254"
"01/09/2024","W","3,289"
"01/10/2024","W","3,721"
"01/11/2024","W","3,769"
"01/12/2024","W","2,626"
"01/13/2024","A","2,521"
"01/14/2024","U","1,290"
"01/15/2024","W","1,303"
"01/16/2024","W","1,719"
"01/17/2024","W","3,368"
"01/18/2024","W","3,880"
"01/19/2024","W","3,103"
"01/20/2024","A","2,483"
"01/21/2024","U","1,872"
"01/22/2024","W","3,139"
"01/23/2024","W","3,787"
"01/24/2024","W","3,914"
"01/25/2024","W","3,962"
"01/26/2024","W","3,384"
"01/27/2024","A","2,954"
"01/28/2024","U","2,070"
"01/29/2024","W","3,243"
"01/30/2024","W","3,789"
"01/31/2024","W","3,872"
"02/01/2024","W","3,975"
"02/02/2024","W","3,332"
"02/03/2024","A","3,101"
"02/04/2024","U","2,215"
"02/05/2024","W","3,196"
"02/06/2024","W","3,936"
"02/07/2024","W","3,885"
"02/08/2024","W","3,899"
"02/09/2024","W","3,463"
"02/10/2024","A","3,196"
"02/11/2024","U","2,534"
"02/12/2024","W","3,149"
"02/13/2024","W","3,981"
"02/14/2024","W","4,106"
"02/15/2024","W","3,798"
"02/16/2024","W","3,305"
"02/17/2024","A","3,006"
"02/18/2024","U","2,352"
"02/19/2024","W","2,910"
"02/20/2024","W","3,885"
"02/21/2024","W","3,972"
"02/22/2024","W","3,951"
"02/23/2024","W","3,393"
"02/24/2024","A","3,300"
"02/25/2024","U","2,329"
"02/26/2024","W","3,405"
"02/27/2024","W","3,858"
"02/28/2024","W","3,810"
"02/29/2024","W","4,065"
"03/01/2024","W","3,618"
"03/02/2024","A","3,489"
"03/03/2024","U","2,497"
"03/04/2024","W","3,203"
"03/05/2024","W","3,788"
"03/06/2024","W","3,988"
"03/07/2024","W","4,170"
"03/08/2024","W","3,206"
"03/09/2024","A","3,370"
"03/10/2024","U","2,499"
"03/11/2024","W","2,794"
"03/12/2024","W","4,126"
"03/13/2024","W","4,389"
"03/14/2024","W","4,099"
"03/15/2024","W","5,007"
"03/16/2024","A","12,684"
"03/17/2024","U","4,232"
"03/18/2024","W","3,476"
"03/19/2024","W","4,054"
"03/20/2024","W","4,116"
"03/21/2024","W","4,261"
"03/22/2024","W","3,475"
"03/23/2024","A","3,576"
"03/24/2024","U","2,808"
"03/25/2024","W","3,019"
"03/26/2024","W","3,592"
"03/27/2024","W","3,582"
"03/28/2024","W","3,960"
"03/29/2024","W","3,437"
"03/30/2024","A","3,253"
"03/31/2024","U","1,929"
"04/01/2024","W","9,082"
"04/02/2024","W","6,895"
"04/03/2024","W","6,280"
"04/04/2024","W","4,388"
"04/05/2024","W","10,688"
"04/06/2024","A","10,735"
"04/07/2024","U","8,962"
"04/08/2024","W","3,487"
"04/09/2024","W","3,928"
"04/10/2024","W","4,265"
"04/11/2024","W","4,107"
"04/12/2024","W","3,843"
"04/13/2024","A","3,701"
"04/14/2024","U","2,911"
"04/15/2024","W","3,411"
"04/16/2024","W","4,010"
"04/17/2024","W","4,295"
"04/18/2024","W","5,444"
"04/19/2024","W","8,690"
"04/20/2024","A","10,999"
"04/21/2024","U","7,312"
"04/22/2024","W","3,296"
"04/23/2024","W","7,835"
"04/24/2024","W","9,006"
"04/25/2024","W","9,717"
"04/26/2024","W","4,061"
"04/27/2024","A","4,587"
"04/28/2024","U","2,698"
"04/29/2024","W","3,350"
"04/30/2024","W","4,012"
"05/01/2024","W","4,389"
"05/02/2024","W","4,193"
"05/03/2024","W","10,461"
"05/04/2024","A","10,976"
"05/05/2024","U","9,112"
"05/06/2024","W","9,050"
"05/07/2024","W","8,988"
"05/08/2024","W","8,949"
"05/09/2024","W","4,129"
"05/10/2024","W","4,076"
"05/11/2024","A","4,085"
"05/12/2024","U","2,740"
"05/13/2024","W","3,420"
"05/14/2024","W","4,084"
"05/15/2024","W","4,255"
"05/16/2024","W","8,431"
"05/17/2024","W","11,228"
"05/18/2024","A","10,184"
"05/19/2024","U","9,586"
"05/20/2024","W","3,766"
"05/21/2024","W","9,998"
"05/22/2024","W","11,221"
"05/23/2024","W","12,258"
"05/24/2024","W","4,024"
"05/25/2024","A","4,965"
"05/26/2024","U","3,267"
"05/27/2024","U","2,533"
"05/28/2024","W","4,028"
"05/29/2024","W","4,558"
"05/30/2024","W","4,680"
"05/31/2024","W","11,226"
"06/01/2024","A","7,293"
"06/02/2024","U","10,552"
"06/03/2024","W","3,762"
"06/04/2024","W","9,897"
"06/05/2024","W","10,531"
"06/06/2024","W","4,948"
"06/07/2024","W","4,214"
"06/08/2024","A","7,549"
"06/09/2024","U","3,377"
"06/10/2024","W","3,480"
"06/11/2024","W","4,209"
"06/12/2024","W","4,359"
"06/13/2024","W","4,422"
"06/14/2024","W","13,361"
"06/15/2024","A","12,784"
"06/16/2024","U","9,772"
"06/17/2024","W","9,139"
"06/18/2024","W","9,827"
"06/19/2024","W","12,369"
"06/20/2024","W","4,505"
"06/21/2024","W","13,644"
"06/22/2024","A","17,548"
"06/23/2024","U","13,796"
"06/24/2024","W","3,857"
"06/25/2024","W","3,978"
"06/26/2024","W","4,245"
"06/27/2024","W","4,486"
"06/28/2024","W","4,066"
"06/29/2024","A","4,156"
"06/30/2024","U","12,288"
"07/01/2024","W","4,349"
"07/02/2024","W","10,829"
"07/03/2024","W","10,337"
"07/04/2024","U","11,732"
"07/05/2024","W","11,854"
"07/06/2024","A","11,497"
"07/07/2024","U","9,226"
"07/08/2024","W","3,547"
"07/09/2024","W","3,836"
"07/10/2024","W","4,244"
"07/11/2024","W","4,377"
"07/12/2024","W","4,219"
"07/13/2024","A","4,242"
"07/14/2024","U","2,832"
"07/15/2024","W","7,485"
"07/16/2024","W","3,985"
"07/17/2024","W","4,206"
"07/18/2024","W","4,320"
"07/19/2024","W","13,593"
"07/20/2024","A","11,954"
"07/21/2024","U","11,106"
"07/22/2024","W","10,116"
"07/23/2024","W","11,013"
"07/24/2024","W","11,992"
"07/25/2024","W","4,378"
"07/26/2024","W","4,176"
"07/27/2024","A","7,572"
"07/28/2024","U","3,072"
"07/29/2024","W","3,396"
"07/30/2024","W","4,267"
"07/31/2024","W","4,551"
"08/01/2024","W","11,840"
"08/02/2024","W","13,338"
"08/03/2024","A","12,668"
"08/04/2024","U","8,288"
"08/05/2024","W","9,440"
"08/06/2024","W","10,705"
"08/07/2024","W","11,781"
"08/08/2024","W","4,421"
"08/09/2024","W","4,751"
"08/10/2024","A","7,707"
"08/11/2024","U","5,257"
"08/12/2024","W","3,804"
"08/13/2024","W","9,191"
"08/14/2024","W","4,378"
"08/15/2024","W","4,510"
"08/16/2024","W","13,102"
"08/17/2024","A","11,210"
"08/18/2024","U","9,491"
"08/19/2024","W","3,040"
"08/20/2024","W","7,917"
"08/21/2024","W","8,581"
"08/22/2024","W","9,905"
"08/23/2024","W","4,068"
"08/24/2024","A","4,139"
"08/25/2024","U","6,335"
"08/26/2024","W","3,703"
"08/27/2024","W","3,964"
"08/28/2024","W","4,910"
"08/29/2024","W","10,566"
"08/30/2024","W","5,901"
"08/31/2024","A","10,719"
"09/01/2024","U","5,412"
"09/02/2024","U","8,395"
"09/03/2024","W","8,500"
"09/04/2024","W","9,040"
"09/05/2024","W","5,044"
"09/06/2024","W","13,481"
"09/07/2024","A","12,805"
"09/08/2024","U","9,808"
"09/09/2024","W","4,157"
"09/10/2024","W","4,755"
"09/11/2024","W","4,822"
"09/12/2024","W","5,017"
"09/13/2024","W","4,561"
"09/14/2024","A","5,341"
"09/15/2024","U","4,076"
"09/16/2024","W","8,891"
"09/17/2024","W","9,163"
"09/18/2024","W","8,795"
"09/19/2024","W","9,814"
"09/20/2024","W","9,682"
"09/21/2024","A","11,722"
"09/22/2024","U","6,613"
"09/23/2024","W","4,000"
"09/24/2024","W","4,343"
"09/25/2024","W","5,028"
"09/26/2024","W","5,094"
"09/27/2024","W","10,877"
"09/28/2024","A","11,282"
"09/29/2024","U","8,549"
"09/30/2024","W","4,041"
"10/01/2024","W","4,537"
"10/02/2024","W","4,434"
"10/03/2024","W","4,562"
"10/04/2024","W","4,503"
"10/05/2024","A","4,457"
"10/06/2024","U","3,378"
"10/07/2024","W","4,109"
"10/08/2024","W","4,553"
"10/09/2024","W","4,772"
"10/10/2024","W","4,928"
"10/11/2024","W","4,624"
"10/12/2024","A","5,415"
"10/13/2024","U","8,098"
"10/14/2024","W","3,893"
"10/15/2024","W","4,420"
"10/16/2024","W","4,641"
"10/17/2024","W","4,678"
"10/18/2024","W","4,412"
"10/19/2024","A","4,988"
"10/20/2024","U","3,397"
"10/21/2024","W","3,870"
"10/22/2024","W","4,437"
"10/23/2024","W","4,747"
"10/24/2024","W","4,862"
"10/25/2024","W","4,318"
"10/26/2024","A","4,419"
"10/27/2024","U","4,055"
"10/28/2024","W","3,779"
"10/29/2024","W","4,482"
"10/30/2024","W","4,677"
"10/31/2024","W","5,661"
"11/01/2024","W","4,446"
"11/02/2024","A","3,877"
"11/03/2024","U","3,406"
"11/04/2024","W","3,648"
"11/05/2024","W","3,678"
"11/06/2024","W","4,252"
"11/07/2024","W","4,409"
"11/08/2024","W","4,148"
"11/09/2024","A","4,376"
"11/10/2024","U","3,463"
"11/11/2024","W","3,518"
"11/12/2024","W","4,393"
"11/13/2024","W","4,373"
"11/14/2024","W","4,432"
"11/15/2024","W","3,926"
"11/16/2024","A","11,889"
"11/17/2024","U","3,437"
"11/18/2024","W","3,465"
"11/19/2024","W","4,158"
"11/20/2024","W","4,113"
"11/21/2024","W","4,078"
"11/22/2024","W","4,006"
"11/23/2024","A","4,475"
"11/24/2024","U","2,967"
"11/25/2024","W","3,018"
"11/26/2024","W","3,113"
"11/27/2024","W","2,708"
"11/28/2024","U","1,264"
"11/29/2024","W","1,953"
"11/30/2024","A","5,739"
"12/01/2024","U","1,955"
"12/02/2024","W","3,053"
"12/03/2024","W","3,750"
"12/04/2024","W","3,904"
"12/05/2024","W","4,055"
"12/06/2024","W","4,037"
"12/07/2024","A","4,809"
"12/08/2024","U","3,219"
"12/09/2024","W","3,443"
"12/10/2024","W","3,961"
"12/11/2024","W","3,926"
"12/12/2024","W","3,879"
"12/13/2024","W","4,063"
"12/14/2024","A","5,137"
"12/15/2024","U","2,986"
"12/16/2024","W","3,335"
"12/17/2024","W","3,730"
"12/18/2024","W","3,724"
"12/19/2024","W","3,788"
"12/20/2024","W","3,374"
"12/21/2024","A","3,543"
"12/22/2024","U","2,349"
"12/23/2024","W","2,274"
"12/24/2024","W","1,447"
"12/25/2024","U","816"
"12/26/2024","W","1,899"
"12/27/2024","W","2,272"
"12/28/2024","A","2,652"
"12/29/2024","U","2,001"
"12/30/2024","W","3,039"
"12/31/2024","W","9,629"
"01/01/2025","U","4,307"
"01/02/2025","W","2,750"
"01/03/2025","W","6,706"
"01/04/2025","A","6,188"
"01/05/2025","U","2,484"
"01/06/2025","W","3,105"
"01/07/2025","W","3,680"
"01/08/2025","W","3,772"
"01/09/2025","W","3,831"
"01/10/2025","W","3,266"
"01/11/2025","A","3,108"
"01/12/2025","U","2,327"
"01/13/2025","W","3,191"
"01/14/2025","W","3,770"
"01/15/2025","W","3,768"
"01/16/2025","W","4,160"
"01/17/2025","W","3,703"
"01/18/2025","A","2,729"
"01/19/2025","U","1,451"
"01/20/2025","W","1,366"
"01/21/2025","W","1,793"
"01/22/2025","W","2,847"
"01/23/2025","W","3,149"
"01/24/2025","W","2,441"
"01/25/2025","A","2,215"
"01/26/2025","U","1,691"
"01/27/2025","W","2,614"
"01/28/2025","W","3,341"
"01/29/2025","W","3,187"
"01/30/2025","W","3,212"
"01/31/2025","W","2,360"
"02/01/2025","A","2,202"
"02/02/2025","U","1,617"
"02/03/2025","W","2,828"
"02/04/2025","W","3,605"
"02/05/2025","W","3,643"
"02/06/2025","W","3,614"
"02/07/2025","W","2,972"
"02/08/2025","A","2,801"
"02/09/2025","U","2,363"
"02/10/2025","W","2,973"
"02/11/2025","W","3,660"
"02/12/2025","W","2,940"
"02/13/2025","W","3,495"
"02/14/2025","W","3,009"
"02/15/2025","A","2,755"
"02/16/2025","U","2,326"
"02/17/2025","W","2,253"
"02/18/2025","W","2,959"
"02/19/2025","W","3,390"
"02/20/2025","W","3,567"
"02/21/2025","W","3,119"
"02/22/2025","A","3,126"
"02/23/2025","U","2,162"
"02/24/2025","W","3,024"
"02/25/2025","W","3,659"
"02/26/2025","W","3,673"
"02/27/2025","W","3,652"
"02/28/2025","W","3,366"
"03/01/2025","A","2,798"
"03/02/2025","U","2,176"
"03/03/2025","W","3,080"
"03/04/2025","W","3,517"
"03/05/2025","W","3,567"
"03/06/2025","W","3,712"
"03/07/2025","W","3,352"
"03/08/2025","A","3,257"
"03/09/2025","U","2,600"
"03/10/2025","W","3,333"
"03/11/2025","W","3,911"
"03/12/2025","W","3,885"
"03/13/2025","W","4,222"
"03/14/2025","W","5,024"
"03/15/2025","A","14,236"
"03/16/2025","U","3,671"
"03/17/2025","W","3,766"
"03/18/2025","W","4,081"
"03/19/2025","W","3,732"
"03/20/2025","W","3,895"
"03/21/2025","W","3,959"
"03/22/2025","A","3,672"
"03/23/2025","U","2,673"
"03/24/2025","W","3,000"
"03/25/2025","W","3,627"
"03/26/2025","W","3,515"
"03/27/2025","W","3,637"
"03/28/2025","W","3,339"
"03/29/2025","A","3,591"
"03/30/2025","U","2,447"
"03/31/2025","W","3,174"
"04/01/2025","W","3,741"
"04/02/2025","W","3,540"
"04/03/2025","W","4,307"
"04/04/2025","W","11,712"
"04/05/2025","A","11,041"
"04/06/2025","U","8,543"
"04/07/2025","W","7,021"
"04/08/2025","W","7,957"
"04/09/2025","W","6,520"
"04/10/2025","W","4,073"
"04/11/2025","W","4,019"
"04/12/2025","A","4,194"
"04/13/2025","U","2,712"
"04/14/2025","W","3,411"
"04/15/2025","W","4,006"
"04/16/2025","W","4,081"
"04/17/2025","W","4,251"
"04/18/2025","W","11,447"
"04/19/2025","A","9,544"
"04/20/2025","U","6,595"
"04/21/2025","W","3,458"
"04/22/2025","W","9,838"
"04/23/2025","W","9,351"
"04/24/2025","W","4,669"
"04/25/2025","W","11,190"
"04/26/2025","A","11,733"
"04/27/2025","U","8,362"
"04/28/2025","W","3,621"
"04/29/2025","W","4,094"
"04/30/2025","W","4,030"
"05/01/2025","W","4,093"
"05/02/2025","W","3,922"
"05/03/2025","A","4,450"
"05/04/2025","U","2,752"
"05/05/2025","W","9,280"
"05/06/2025","W","10,484"
"05/07/2025","W","10,040"
"05/08/2025","W","4,320"
"05/09/2025","W","4,106"
"05/10/2025","A","4,077"
"05/11/2025","U","2,660"
"05/12/2025","W","7,842"
"05/13/2025","W","9,384"
"05/14/2025","W","9,790"
"05/15/2025","W","4,553"
"05/16/2025","W","9,956"
"05/17/2025","A","12,072"
"05/18/2025","U","10,748"
"05/19/2025","W","3,775"
"05/20/2025","W","3,783"
"05/21/2025","W","4,097"
"05/22/2025","W","7,944"
"05/23/2025","W","4,385"
"05/24/2025","A","4,723"
"05/25/2025","U","3,744"
"05/26/2025","U","10,720"
"05/27/2025","W","8,656"
"05/28/2025","W","9,307"
"05/29/2025","W","4,633"
"05/30/2025","W","11,720"
"05/31/2025","A","11,260"
"06/01/2025","U","10,193"
"06/02/2025","W","3,832"
"06/03/2025","W","4,412"
"06/04/2025","W","4,202"
"06/05/2025","W","4,612"
"06/06/2025","W","4,713"
"06/07/2025","A","4,835"
"06/08/2025","U","3,752"
"06/09/2025","W","3,735"
"06/10/2025","W","4,441"
"06/11/2025","W","4,623"
"06/12/2025","W","11,557"
"06/13/2025","W","13,558"
"06/14/2025","A","13,010"
"06/15/2025","U","10,099"
"06/16/2025","W","3,733"
"06/17/2025","W","10,955"
"06/18/2025","W","6,806"
"06/19/2025","W","11,759"
"06/20/2025","W","14,482"
"06/21/2025","A","17,099"
"06/22/2025","U","13,343"
"06/23/2025","W","3,718"
"06/24/2025","W","4,059"
"06/25/2025","W","5,039"
"06/26/2025","W","11,355"
"06/27/2025","W","4,684"
"06/28/2025","A","4,880"
"06/29/2025","U","10,848"
"06/30/2025","W","3,946"
"07/01/2025","W","11,178"
"07/02/2025","W","10,363"
"07/03/2025","W","11,253"
"07/04/2025","U","11,343"
"07/05/2025","A","12,794"
"07/06/2025","U","10,377"
"07/07/2025","W","3,909"
"07/08/2025","W","4,021"
"07/09/2025","W","4,439"
"07/10/2025","W","4,389"
"07/11/2025","W","4,271"
"07/12/2025","A","4,689"
"07/13/2025","U","3,897"
"07/14/2025","W","3,578"
"07/15/2025","W","4,155"
"07/16/2025","W","4,077"
"07/17/2025","W","4,814"
"07/18/2025","W","14,452"
"07/19/2025","A","13,134"
"07/20/2025","U","12,375"
"07/21/2025","W","11,052"
"07/22/2025","W","12,090"
"07/23/2025","W","13,229"
"07/24/2025","W","4,115"
"07/25/2025","W","4,457"
"07/26/2025","A","13,664"
"07/27/2025","U","4,030"
"07/28/2025","W","3,731"
"07/29/2025","W","4,635"
"07/30/2025","W","4,675"
"07/31/2025","W","6,077"
"08/01/2025","W","14,537"
"08/02/2025","A","14,963"
"08/03/2025","U","12,399"
"08/04/2025","W","11,067"
"08/05/2025","W","11,871"
"08/06/2025","W","12,819"
"08/07/2025","W","4,817"
"08/08/2025","W","5,788"
"08/09/2025","A","7,849"
"08/10/2025","U","5,752"
"08/11/2025","W","4,072"
"08/12/2025","W","4,230"
"08/13/2025","W","4,587"
"08/14/2025","W","4,633"
"08/15/2025","W","13,759"
"08/16/2025","A","13,992"
"08/17/2025","U","11,198"
"08/18/2025","W","13,705"
"08/19/2025","W","13,399"
"08/20/2025","W","10,806"
"08/21/2025","W","12,819"
"08/22/2025","W","4,736"
"08/23/2025","A","4,591"
"08/24/2025","U","3,669"
"08/25/2025","W","4,011"
"08/26/2025","W","4,659"
"08/27/2025","W","4,654"
"08/28/2025","W","9,701"
"08/29/2025","W","5,399"
"08/30/2025","A","6,459"
"08/31/2025","U","5,455"
"09/01/2025","U","11,545"
"09/02/2025","W","9,239"
"09/03/2025","W","8,857"
"09/04/2025","W","4,869"
"09/05/2025","W","10,871"
"09/06/2025","A","12,127"
"09/07/2025","U","10,248"
"09/08/2025","W","4,366"
"09/09/2025","W","4,629"
"09/10/2025","W","5,030"
"09/11/2025","W","5,329"
"09/12/2025","W","13,334"
"09/13/2025","A","12,334"
"09/14/2025","U","10,886"
"09/15/2025","W","4,438"
"09/16/2025","W","4,863"
"09/17/2025","W","5,030"
"09/18/2025","W","5,226"
"09/19/2025","W","5,277"
"09/20/2025","A","4,303"
"09/21/2025","U","3,297"
"09/22/2025","W","4,573"
"09/23/2025","W","10,840"
"09/24/2025","W","10,793"
"09/25/2025","W","11,765"
"09/26/2025","W","11,890"
"09/27/2025","A","12,921"
"09/28/2025","U","10,469"
"09/29/2025","W","4,205"
"09/30/2025","W","10,457"
"10/01/2025","W","11,439"
"10/02/2025","W","11,234"
"10/03/2025","W","4,537"
"10/04/2025","A","4,100"
"10/05/2025","U","2,554"
"10/06/2025","W","2,651"
"10/07/2025","W","2,621"
"10/08/2025","W","10,657"
"10/09/2025","W","10,579"
"10/10/2025","W","6,073"
"10/11/2025","A","7,067"
"10/12/2025","U","9,524"
"10/13/2025","W","4,193"
"10/14/2025","W","4,873"
"10/15/2025","W","4,793"
"10/16/2025","W","4,850"
"10/17/2025","W","4,738"
"10/18/2025","A","5,397"
"10/19/2025","U","3,310"
"10/20/2025","W","4,263"
"10/21/2025","W","4,703"
"10/22/2025","W","4,694"
"10/23/2025","W","4,779"
"10/24/2025","W","4,491"
"10/25/2025","A","2,900"
"10/26/2025","U","1,934"
"10/27/2025","W","3,578"
"10/28/2025","W","4,668"
"10/29/2025","W","4,539"
"10/30/2025","W","4,895"
"10/31/2025","W","7,337"
"11/01/2025","A","6,352"
"11/02/2025","U","2,320"
"11/03/2025","W","3,196"
"11/04/2025","W","3,819"
"11/05/2025","W","4,216"
"11/06/2025","W","4,594"
"11/07/2025","W","4,378"
"11/08/2025","A","4,248"
"11/09/2025","U","2,959"
"11/10/2025","W","3,639"
"11/11/2025","W","3,957"
"11/12/2025","W","4,635"
"11/13/2025","W","4,659"
"11/14/2025","W","4,676"
"11/15/2025","A","12,597"
"11/16/2025","U","3,225"
"11/17/2025","W","3,781"
"11/18/2025","W","4,407"
"11/19/2025","W","4,285"
"11/20/2025","W","4,327"
"11/21/2025","W","4,606"
"11/22/2025","A","8,471"
"11/23/2025","U","4,034"
"11/24/2025","W","3,632"
"11/25/2025","W","3,526"
"11/26/2025","W","2,886"
"11/27/2025","U","1,686"
"11/28/2025","W","3,185"
"11/29/2025","A","2,777"
"11/30/2025","U","2,226"
"12/01/2025","W","3,241"
"12/02/2025","W","4,301"
"12/03/2025","W","4,249"
"12/04/2025","W","4,068"
"12/05/2025","W","4,787"
"12/06/2025","A","6,549"
"12/07/2025","U","3,801"
"12/08/2025","W","3,748"
"12/09/2025","W","4,452"
"12/10/2025","W","4,274"
"12/11/2025","W","4,674"
"12/12/2025","W","4,916"
"12/13/2025","A","5,141"
"12/14/2025","U","2,605"
"12/15/2025","W","3,263"
"12/16/2025","W","4,456"
"12/17/2025","W","4,405"
"12/18/2025","W","4,027"
"12/19/2025","W","3,972"
"12/20/2025","A","5,677"
"12/21/2025","U","3,443"
"12/22/2025","W","3,500"
"12/23/2025","W","3,443"
"12/24/2025","W","1,834"
"12/25/2025","U","808"
"12/26/2025","W","2,601"
"12/27/2025","A","3,416"
"12/28/2025","U","1,987"
"12/29/2025","W","2,810"
"12/30/2025","W","3,358"
"12/31/2025","W","3,469"
"01/01/2026","U","4,106"
"01/02/2026","W","2,797"
"01/03/2026","A","2,804"
"01/04/2026","U","2,377"
"01/05/2026","W","3,292"
"01/06/2026","W","3,960"
"01/07/2026","W","3,073"
"01/08/2026","W","3,953"
"01/09/2026","W","4,016"
"01/10/2026","A","4,289"
"01/11/2026","U","2,715"
"01/12/2026","W","3,598"
"01/13/2026","W","4,209"
"01/14/2026","W","4,115"
"01/15/2026","W","4,190"
"01/16/2026","W","3,807"
"01/17/2026","A","3,273"
"01/18/2026","U","3,959"
"01/19/2026","W","2,281"
"01/20/2026","W","3,780"
"01/21/2026","W","4,083"
"01/22/2026","W","4,037"
"01/23/2026","W","1,391"
"01/24/2026","A","1,969"
"01/25/2026","U","2,103"
"01/26/2026","W","3,046"
"01/27/2026","W","4,007"
"01/28/2026","W","3,962"
"01/29/2026","W","4,160"
"01/30/2026","W","3,592"
"01/31/2026","A","3,468"
"02/01/2026","U","2,496"
"02/02/2026","W","3,490"
"02/03/2026","W","4,300"
"02/04/2026","W","4,114"
"02/05/2026","W","4,208"
"02/06/2026","W","3,734"
"02/07/2026","A","3,572"
"02/08/2026","U","2,806"
"02/09/2026","W","3,431"
"02/10/2026","W","4,215"
"02/11/2026","W","4,178"
"02/12/2026","W","4,256"
"02/13/2026","W","3,786"
"02/14/2026","A","3,945"
"02/15/2026","U","3,102"
"02/16/2026","W","3,188"
"02/17/2026","W","4,056"
"02/18/2026","W","4,093"
"02/19/2026","W","4,285"
"02/20/2026","W","3,688"
"02/21/2026","A","3,599"
"02/22/2026","U","2,466"
"02/23/2026","W","3,588"
"02/24/2026","W","4,214"
"02/25/2026","W","4,285"
"02/26/2026","W","4,254"
"02/27/2026","W","4,342"
"02/28/2026","A","3,674"
"03/01/2026","U","2,665"
"03/02/2026","W","3,441"
"03/03/2026","W","4,185"
"03/04/2026","W","4,084"
"03/05/2026","W","4,429"
"03/06/2026","W","3,883"
"03/07/2026","A","3,622"
"03/08/2026","U","2,598"
"03/09/2026","W","3,715"
"03/10/2026","W","4,237"
"03/11/2026","W","4,313"
"03/12/2026","W","4,870"
"03/13/2026","W","5,319"
"03/14/2026","A","14,838"
"03/15/2026","U","3,640"
"03/16/2026","W","3,683"
"03/17/2026","W","4,244"
"03/18/2026","W","4,369"
"03/19/2026","W","4,473"
"03/20/2026","W","4,288"
"03/21/2026","A","3,110"
"03/22/2026","U","1,997"
"03/23/2026","W","3,084"
"03/24/2026","W","3,855"
"03/25/2026","W","3,978"
"03/26/2026","W","10,862"
"03/27/2026","W","3,642"
"03/28/2026","A","11,255"
"03/29/2026","U","8,729"
"03/30/2026","W","9,743"
"03/31/2026","W","7,394"
